Original Row Index,Store,Country,Language,Review ID,Review Date,Star Rating,Review Title,Review Text,Reviewer Name,App Version,Developer Reply,Developer Reply Date,Review URL,Sentiment,Detected Language,Language Confidence,Second Language,Confidence Margin,Indonesian Marker Count,Indonesian Markers,Likely Indonesian/Malay
29,android,ph,en,ff306c97-880d-49a1-8b4f-9e9cb2e6de95,2026-05-20T12:52:53.365Z,1,,"woi grab minimal perbaiki tuh sistem lu, gua udah login berkali Kali gak bisa masuk, ngotak dong anjng sampe 50 Kali gua coba berkali Kali error mulu Kon***",Revan,,,,https://play.google.com/store/apps/details?id=com.grabtaxi.passenger&reviewId=ff306c97-880d-49a1-8b4f-9e9cb2e6de95,Negative,INDONESIAN,0.9999566637041325,MALAY,0.9999133274083978,3,"bisa, gak, udah",True
36,android,ph,en,7a34ec3e-a6ed-4dec-adcb-40d574ae776a,2026-05-20T11:21:06.256Z,2,,(updated) GRAB MAKIN LAMA MAKIN PELIT PROMO DAN DISKON!! MULAI TIDAK BETAH PAKE APP NYA.,Makima San,5.410.0,,,https://play.google.com/store/apps/details?id=com.grabtaxi.passenger&reviewId=7a34ec3e-a6ed-4dec-adcb-40d574ae776a,Negative,INDONESIAN,0.7938829412110279,MALAY,0.6537283100984037,5,"dan, diskon, makin, pake, tidak",True
73,android,ph,en,11bc90f4-b170-477c-9f33-4662665addbc,2026-05-20T00:13:30.183Z,1,,udh sok penting banget lo.sgla notifikasi lo kirim gaje banget. ttp di jalur lo aja notif ojek.,hencet berem,,,,https://play.google.com/store/apps/details?id=com.grabtaxi.passenger&reviewId=11bc90f4-b170-477c-9f33-4662665addbc,Negative,INDONESIAN,0.6955701424081517,MALAY,0.3976060027665825,1,banget,True
78,android,ph,en,fc285d27-ac41-4d5b-ab16-8e96e647cc69,2026-05-19T19:24:20.243Z,1,,"scheduled delivery makin jelek, tidak bebas pilih jam sesuai merchant buka, diskon tambah pelit, unlimited tambah tidak worth it",George Michael,,,,https://play.google.com/store/apps/details?id=com.grabtaxi.passenger&reviewId=fc285d27-ac41-4d5b-ab16-8e96e647cc69,Negative,INDONESIAN,0.778034255686846,MALAY,0.5979852668536888,6,"diskon, jelek, makin, pilih, sesuai, tidak",True
105,android,ph,en,bc3e9e00-1a02-46b2-905c-f6278fd87d2f,2026-05-19T08:42:57.123Z,1,,"Semua payah. Krn potongan grab terlalu besar sekali untuk 1 orderan, membuat driver males ambil orderan jdny semua kena impact",Drez Z,5.397.0,,,https://play.google.com/store/apps/details?id=com.grabtaxi.passenger&reviewId=bc3e9e00-1a02-46b2-905c-f6278fd87d2f,Negative,INDONESIAN,0.550642956739124,MALAY,0.10156780162964546,3,"driver, krn, untuk",True
114,android,ph,en,c9b70ab5-233f-452a-a2c5-68ecbf26a379,2026-05-19T07:09:51.449Z,1,,"GRAAAAB kenapaa aplikasinya selalu nentuin sendiri pick up point nya padahal saya udah tentuin titik jemput yg benar, kok titiknya jadi ke arah lain yg jauh dari titik jemput? Ngaco ah jadi miskom terus ini sama driver nya, kenapa grab jadi begini??",Kristina Hana,5.403.0,,,https://play.google.com/store/apps/details?id=com.grabtaxi.passenger&reviewId=c9b70ab5-233f-452a-a2c5-68ecbf26a379,Negative,INDONESIAN,0.999987608499698,MALAY,0.9999752169993964,4,"driver, jadi, saya, udah",True
116,android,ph,en,b6437c85-e2b4-4e5b-bb6e-1c2c93ac8074,2026-05-19T07:06:07.271Z,1,,"Kalo sistem lu belom baca cuaca dan konsumen sudah pesen, tanggung jawab sistem lu lah, jangan pesenan konsumen sengaja dibikin nyangkut. Sekarang Car juga ngasih driver yang jauh banget. Ga ngotak.",Ricky Hendrawan,5.410.0,,,https://play.google.com/store/apps/details?id=com.grabtaxi.passenger&reviewId=b6437c85-e2b4-4e5b-bb6e-1c2c93ac8074,Negative,INDONESIAN,0.9926207738247798,MALAY,0.9852415476495595,8,"banget, belom, dan, driver, kalo, sekarang, sudah, yang",True
118,android,ph,en,50561898-7e55-4aba-aafe-e4b98f527250,2026-05-19T07:01:47.306Z,1,,Tolong untuk link ovo nya ada pakai WhatsApp. Masa masih pakai sms.,Zuka Mori,5.410.0,,,https://play.google.com/store/apps/details?id=com.grabtaxi.passenger&reviewId=50561898-7e55-4aba-aafe-e4b98f527250,Negative,MALAY,0.5256015643721149,INDONESIAN,0.061623716114850624,3,"masih, tolong, untuk",True
178,android,ph,en,a0633115-7523-4019-a198-4e0d41c8eafe,2026-05-18T07:36:20.419Z,1,,ehailing paling sampah . dah lah lambat. puihhh,Mohd Izhar,,,,https://play.google.com/store/apps/details?id=com.grabtaxi.passenger&reviewId=a0633115-7523-4019-a198-4e0d41c8eafe,Negative,INDONESIAN,0.8269582319544458,MALAY,0.7045623894425301,0,,True
193,android,ph,en,4ddeb819-bc49-40a8-9fec-01c34da59478,2026-05-18T04:57:11.328Z,1,,"gimana sih bikin sistem, driver blm selesai order malah dibikin bisa ambil pesanan lain, jadinya customer berikutnya harus nunggu lama. Tolong bikin sistem yang bener",Aditya Rahman,5.410.0,,,https://play.google.com/store/apps/details?id=com.grabtaxi.passenger&reviewId=4ddeb819-bc49-40a8-9fec-01c34da59478,Negative,INDONESIAN,0.7410991057121588,MALAY,0.4821982114250148,6,"bisa, driver, malah, pesanan, tolong, yang",True
208,android,ph,en,509e3011-51f4-4042-88e3-e06a3119369c,2026-05-18T01:49:26.269Z,1,,Saya rugi 2 kali. pertama saya dicancel driver rugi 18 rb uang saya tidak kembali. kedua saya rugi 11.500 krn sudah 20 menit mencari driver namun masih saja tidak ditemukan. uang sama sekali tidak kembali. mohon sistemnya diubah supaya tidak merugikan customer.,Kasyfi Rifqi Mouromadhoni,5.410.0,,,https://play.google.com/store/apps/details?id=com.grabtaxi.passenger&reviewId=509e3011-51f4-4042-88e3-e06a3119369c,Negative,INDONESIAN,0.9442027772242232,MALAY,0.8884055544484464,7,"driver, krn, masih, saya, sudah, tidak, uang",True
211,android,ph,en,bebb1ecc-4767-4e04-942c-0a7a7f8f570f,2026-05-18T01:12:31.757Z,2,,"Seharusnya ada peraturan untuk driver buat bawa uang kecil. Driver terkadang tidak bawa atau siapkan uang kecil untuk kembalian. Jadinya lumayan repot, beda dengan aplikasi sebelah yang kasih peraturan untuk bawa uang kecil buat jaga-jaga.",Rio Suryo S,5.407.1,,,https://play.google.com/store/apps/details?id=com.grabtaxi.passenger&reviewId=bebb1ecc-4767-4e04-942c-0a7a7f8f570f,Negative,INDONESIAN,0.9991985026433132,MALAY,0.9983970052866263,8,"aplikasi, dengan, driver, seharusnya, tidak, uang, untuk, yang",True
215,android,ph,en,638df09b-05a4-47e5-aa4d-42a6677949dc,2026-05-18T00:42:46.152Z,1,,"grab mau di Indonesia, di aean lainnya ga ok lah. Estimasi tiba ga sesuai, dan kalo ga update apk suka cancel sendiri entah krn ga update atau krn driver nya males, tp intinya belakangan ini makin jelek👎",inggrid damanik,,"Mohon maaf ya atas ketidaknyamanan yang terjadi.
Apabila Kakak memiliki kendala saat menggunakan aplikasi Grab atau tidak nyaman dengan pelayanan kami, Kakak bisa memilih keluhan yang sesuai di link berikut ya https://grb.to/consumeridhelpcenter 🙏 Terima kasih",2025-09-28T14:18:23.700Z,https://play.google.com/store/apps/details?id=com.grabtaxi.passenger&reviewId=638df09b-05a4-47e5-aa4d-42a6677949dc,Negative,INDONESIAN,0.999998353349092,MALAY,0.9999967066981844,7,"dan, driver, jelek, kalo, krn, makin, sesuai",True
245,android,ph,en,770ab391-df51-4597-928a-660dc5dcefeb,2026-05-17T11:05:53.441Z,5,,"suka ngasih diskon, bintang 5 ⭐",2PA29_Azulla Linggi Paser Angkasa,,,,https://play.google.com/store/apps/details?id=com.grabtaxi.passenger&reviewId=770ab391-df51-4597-928a-660dc5dcefeb,Positive,INDONESIAN,0.6908077340636367,MALAY,0.4938808892615549,1,diskon,True
250,android,ph,en,71a8e2e6-6b65-47ba-93d7-efb6d6fc354e,2026-05-17T09:52:32.646Z,3,,"ini habis update ko malah nge lack terus ya, diminta cek koneksi. apps lain normal aja",Zaqi -,5.410.0,,,https://play.google.com/store/apps/details?id=com.grabtaxi.passenger&reviewId=71a8e2e6-6b65-47ba-93d7-efb6d6fc354e,Neutral,INDONESIAN,0.8324632160683574,MALAY,0.6961358965602288,1,malah,True
251,android,ph,en,e22d59b9-4a15-4705-bd33-74c42717bbb3,2026-05-17T09:47:14.335Z,3,,"akhir akhir ini suka banget error. padahal apps lain tetap lancar tapi pas pake grab tulisannya ""taking some time to load? check your network connection and try again""",amateur editor,5.410.0,,,https://play.google.com/store/apps/details?id=com.grabtaxi.passenger&reviewId=e22d59b9-4a15-4705-bd33-74c42717bbb3,Neutral,INDONESIAN,0.9370922478807722,ENGLISH,0.8881800362103229,2,"banget, pake",True
273,android,ph,en,6807eec5-eed3-4743-9772-e9154196a7a7,2026-05-17T04:40:01.467Z,1,,"gw dh berlangganan membership tapi malah dihapus voucher diskon 52% Dari langganan itu , mending gw pindah apk sebelah cuma 30rb / 6 bulan dh dpt GPT pro Selama 3 bulan , mana privilege yg gw dpt lbh byk daripada apk ini di apk sebelah",Kazuga Arata,,,,https://play.google.com/store/apps/details?id=com.grabtaxi.passenger&reviewId=6807eec5-eed3-4743-9772-e9154196a7a7,Negative,MALAY,0.8569972163079257,INDONESIAN,0.7139944326203236,3,"cuma, diskon, malah",True
311,android,ph,en,594b72d6-25cf-4abf-a173-97e090951f08,2026-05-16T10:55:28.471Z,1,,"disini drivernya nyebelin banget, udah diinfokan kalau jauh dan sebagai customer udah jawab gapapa juga kalo nunggu lama tapi malah ga jalan"", minimal tu ngabarin jadi ga wasting time customer, jelek banget sumpah",Rachel Blake,,,,https://play.google.com/store/apps/details?id=com.grabtaxi.passenger&reviewId=594b72d6-25cf-4abf-a173-97e090951f08,Negative,INDONESIAN,0.9988281795322584,MALAY,0.9976563590645169,8,"banget, dan, jadi, jelek, kalau, kalo, malah, udah",True
321,android,ph,en,aa555b30-d59f-4db4-b417-bc69cbfd204b,2026-05-16T08:44:17.397Z,1,,saya pakai tapi terus lagging dan butuh internet super cepat dalam hal pemakaian. tolong di perkecil penggunaan internetnya,huso,5.409.0,,,https://play.google.com/store/apps/details?id=com.grabtaxi.passenger&reviewId=aa555b30-d59f-4db4-b417-bc69cbfd204b,Negative,MALAY,0.6100371039166538,INDONESIAN,0.22015291641364548,3,"dan, saya, tolong",True
326,android,ph,en,a8a3ddd3-fd19-48fa-a0ed-c142ddd38368,2026-05-16T08:11:58.415Z,1,,Sangat sangat buruukkk dann kecewaa untuk driver gojeknya tidak memikirkan yang dibonceng,A Google user,5.409.0,,,https://play.google.com/store/apps/details?id=com.grabtaxi.passenger&reviewId=a8a3ddd3-fd19-48fa-a0ed-c142ddd38368,Negative,MALAY,0.733017423556796,INDONESIAN,0.46604227676950705,4,"driver, tidak, untuk, yang",True
327,android,ph,en,f362dab8-814f-4704-8cc9-aaceae7d4333,2026-05-16T08:10:21.214Z,1,,"apps gaje, di refresh kaga bisa2. minta check connection udah pake wifi, 5G u name it ttp ga bisa dibuka. asli nyusahin",MASWOLF,5.410.0,,,https://play.google.com/store/apps/details?id=com.grabtaxi.passenger&reviewId=f362dab8-814f-4704-8cc9-aaceae7d4333,Negative,INDONESIAN,0.6214235724566137,MALAY,0.37508129271807866,3,"bisa, pake, udah",True
336,android,ph,en,875dc3e0-6be7-4236-ac83-77aab0409672,2026-05-16T06:26:16.903Z,3,,"kurang bgt, malah ngasih driver yang masih ada orderan, redup aja redup",Douty Anugerah,5.409.0,,,https://play.google.com/store/apps/details?id=com.grabtaxi.passenger&reviewId=875dc3e0-6be7-4236-ac83-77aab0409672,Neutral,INDONESIAN,0.4982898639063963,MALAY,0.1041099607410978,4,"driver, malah, masih, yang",True
361,android,ph,en,6aaa20cf-598b-411d-9d82-2620a5dfe83f,2026-05-15T18:03:00.207Z,1,,"sgt tidak memuaskan,saya pesen makanan lama bgt, hrusnya stengah jam tp udah 2 jam nggak nyampe, status pesanannya d buat trus, tp ga jadi jadi, buruk, gak suka",Mala Zahara,5.406.1,,,https://play.google.com/store/apps/details?id=com.grabtaxi.passenger&reviewId=6aaa20cf-598b-411d-9d82-2620a5dfe83f,Negative,INDONESIAN,0.9778622425008308,MALAY,0.9557244850016616,6,"gak, jadi, nggak, saya, tidak, udah",True
373,android,ph,en,4cf03778-3dbc-4790-b838-7acddcb74b94,2026-05-15T11:53:37.475Z,1,,Feature multiple deliverynya grabfoodny sangat tidak ramah pengguna,yonatan limpo,5.410.0,,,https://play.google.com/store/apps/details?id=com.grabtaxi.passenger&reviewId=4cf03778-3dbc-4790-b838-7acddcb74b94,Negative,INDONESIAN,0.8369761413194559,TAGALOG,0.7604030571125281,1,tidak,True
376,android,ph,en,4772d41a-e7e7-43cf-b4fb-4d240c315870,2026-05-15T11:03:07.724Z,2,,"banyak cancel, dari kurirnya. aneh, jadi berantem sama konsumen ku. kenapa kurang mahal, naekin aja harga nya ga usah terlalu murah gpp",Chaki Hendarmin,5.409.0,,,https://play.google.com/store/apps/details?id=com.grabtaxi.passenger&reviewId=4772d41a-e7e7-43cf-b4fb-4d240c315870,Negative,INDONESIAN,0.9391267058807679,MALAY,0.8786810041260722,1,jadi,True
408,android,ph,en,86f1854d-1f88-441e-b6ac-a7b2e8ce9048,2026-05-14T13:30:30.900Z,1,,"Pake internet biasa lemot pake data biasa lemot. Padahal dulu bisa jalan oke2 aja, bikin stress aja.",Sayren,5.409.0,,,https://play.google.com/store/apps/details?id=com.grabtaxi.passenger&reviewId=86f1854d-1f88-441e-b6ac-a7b2e8ce9048,Negative,INDONESIAN,0.7717062549548729,MALAY,0.6373205639321315,2,"bisa, pake",True
426,android,ph,en,554d5050-58a0-4df1-b50b-d54100fa90b1,2026-05-14T06:19:39.650Z,1,,"Tolong di search apa grab food nya yang muncul apa, kalau memang menyarankan mbok yang paling atas yang paling enggak bintang nya oke, mau pesen sate pak pong malah jadi pak wito mana udah terlanjur bayar huhh seball!!!",Clarissa Fairchild,,,,https://play.google.com/store/apps/details?id=com.grabtaxi.passenger&reviewId=554d5050-58a0-4df1-b50b-d54100fa90b1,Negative,INDONESIAN,0.9650054399868022,MALAY,0.9300108800818571,6,"jadi, kalau, malah, tolong, udah, yang",True
459,android,ph,en,4d32821a-8a0e-427d-85b8-5800d77fea45,2026-05-13T13:01:21.226Z,1,,"lagi buru2 aplikasinya minta verify akun, dicari2 menu verify ga ada...stgh jam nyari ga ketemu..buang2 waktu..suck lah",Fury Kidos,,,,https://play.google.com/store/apps/details?id=com.grabtaxi.passenger&reviewId=4d32821a-8a0e-427d-85b8-5800d77fea45,Negative,INDONESIAN,0.7374717490751014,MALAY,0.4797116828287437,0,,True
463,android,ph,en,fa6a2332-0bd5-4c73-b69a-58de0ebb35de,2026-05-13T11:35:56.973Z,1,,"lagi urgent app sibuk minta verifikasi, padahal sudah lama pakai app ini. no hp, email, sdh terkoneksi ke gmail..tapi tetap muncul notif harus verifikasi saat pesan kendaraan. dan tidak diarahkan harus verifikasi ke mana. disuruh cari sendiri .",Dfrnd S,5.409.0,,,https://play.google.com/store/apps/details?id=com.grabtaxi.passenger&reviewId=fa6a2332-0bd5-4c73-b69a-58de0ebb35de,Negative,INDONESIAN,0.9981316860778179,MALAY,0.9962633721556358,3,"dan, sudah, tidak",True
464,android,ph,en,554b5335-1064-4bdb-9786-2738ba5e3bea,2026-05-13T11:13:52.563Z,1,,"saya pengguna lama grab tetapi setelah update aplikasi akun saya selalu minta verifikasi terus. Saya sudah install ulang, saya sudah login ulang dan sampai restart hp tapi masih selalu minta verifikasi setiap book driver. Ada apa dengan akun saya ?",Blue Stripes Monkey 2,,,,https://play.google.com/store/apps/details?id=com.grabtaxi.passenger&reviewId=554b5335-1064-4bdb-9786-2738ba5e3bea,Negative,INDONESIAN,0.999891587917757,MALAY,0.9997831758355141,7,"aplikasi, dan, dengan, driver, masih, saya, sudah",True
465,android,ph,en,00129f87-60eb-4413-9c7d-f3047da99ec9,2026-05-13T10:39:00.253Z,1,,"padahal selalu langganan pake grab, cmn ntah kenapa setiap mau pesen, disuruh verifikasi dulu, tapi stuck tanpa info jelas harus verifikasi apa",qinairo bahtiar,5.409.0,,,https://play.google.com/store/apps/details?id=com.grabtaxi.passenger&reviewId=00129f87-60eb-4413-9c7d-f3047da99ec9,Negative,INDONESIAN,0.9067547421935276,MALAY,0.8135688952417972,1,pake,True
474,android,ph,en,d97416c7-ae0a-4957-ba27-c75723f25ea4,2026-05-13T08:28:31.227Z,5,,"saya mulai pake grab karena ada program hemat, tapi kalau hemat hilang otomatis saya pindah aplikasi itu sudah jelas",Player One,,,,https://play.google.com/store/apps/details?id=com.grabtaxi.passenger&reviewId=d97416c7-ae0a-4957-ba27-c75723f25ea4,Positive,INDONESIAN,0.86968181190343,MALAY,0.7434663585284572,6,"aplikasi, kalau, karena, pake, saya, sudah",True
491,android,ph,en,0a2671b8-73d9-484c-82c6-a9440ae46ecc,2026-05-13T04:44:58.348Z,4,,"Untuk GrabFood, tolong coba dibuat lebih canggih untuk pencarian kata kunci. Misal saya mencari dengan kata ""nasgor"" atau ""pisgor"", tolong agar makanan yang diberi nama ""nasi goreng"" atau ""pisang goreng"" juga tetap muncul. Demikian juga untuk ""capcay"" agar yang namanya ""cap cay"" juga tetap muncul, dsb.",Dinda Faridha,5.409.0,,,https://play.google.com/store/apps/details?id=com.grabtaxi.passenger&reviewId=0a2671b8-73d9-484c-82c6-a9440ae46ecc,Positive,INDONESIAN,0.9999275879494955,MALAY,0.9998551758989911,5,"dengan, saya, tolong, untuk, yang",True
492,android,ph,en,f1fae570-7d1e-4811-b315-24a24d087cb2,2026-05-13T04:39:29.968Z,5,,"Grab oke banget,, terimakasih untuk pelayanannya 🙏🏻👍🏻",Mira Shinta Official,5.393.0,,,https://play.google.com/store/apps/details?id=com.grabtaxi.passenger&reviewId=f1fae570-7d1e-4811-b315-24a24d087cb2,Positive,INDONESIAN,0.841594779753071,MALAY,0.6867816016364529,2,"banget, untuk",True
514,android,ph,en,89a39d22-1cbf-4ce7-af83-85fcc8ffec3d,2026-05-12T15:25:08.209Z,2,,"tolong apk ojek online seluruh indonesia. potongan buat drivernya jgn banyak². akibatnya mereka gak mau narik. Banyak yg mengabaikan pesan penumpang padahal jarak jemputnya dekat, namun berharap agar penumpang membatalkan pesanannya. sementara penumpang sudah menunggu. penumpang serba salah, ditungguin malah jarak drivernya menjauh, seolah tidak mau menjemput penumpang yg jarak jemputnya dekat. sementara biaya gojek comfort dan yg biasa 2x lipat harganya. Apalagi ketika hujan, sulit sekali dapat",Ann Xloth7,,,,https://play.google.com/store/apps/details?id=com.grabtaxi.passenger&reviewId=89a39d22-1cbf-4ce7-af83-85fcc8ffec3d,Negative,INDONESIAN,0.9999999995310757,MALAY,0.9999999990621513,6,"dan, gak, malah, sudah, tidak, tolong",True
545,android,ph,en,60e55bf8-eac2-466e-8bc6-736273375eb9,2026-05-12T03:47:22.350Z,1,,"buat apa sih kami user langganan? tapi dihilangkan terus voucher 40% nya, mending gojek selalu ready vouchernya 50% lagi tiap hari ada, grab bodo korupsi!!",Candy,5.408.0,"Hi Andy, we are sorry to hear about your recent experience. We believe that this could be due to the low supply of delivery partners and overwhelming demand in your area. Do reach out to us through our in-app/online help centre for us to assist you.",2020-11-23T06:20:43.542Z,https://play.google.com/store/apps/details?id=com.grabtaxi.passenger&reviewId=60e55bf8-eac2-466e-8bc6-736273375eb9,Negative,INDONESIAN,0.9998622784077954,MALAY,0.9997245568155909,0,,True
581,android,ph,en,f6ef572a-e967-465d-a71e-324097b393e6,2026-05-11T10:42:08.771Z,1,,Titik penjemputan driver sering tidak sesuai sehingga sering dapat driver yang posisi jauh dari titik penjemputan (baik untuk grab food maupun grab motor),Elisa,5.408.0,,,https://play.google.com/store/apps/details?id=com.grabtaxi.passenger&reviewId=f6ef572a-e967-465d-a71e-324097b393e6,Negative,INDONESIAN,0.9418704089511756,MALAY,0.8837408179023512,5,"driver, sesuai, tidak, untuk, yang",True
597,android,ph,en,008bd1e5-6b15-4f3e-ae4e-144a22aac7ff,2026-05-11T04:31:17.671Z,5,,gara-gara aldi ma dr.tirta gw download grab. karena grab milik Allah 🙏,Sigit Samudra Rizki,,,,https://play.google.com/store/apps/details?id=com.grabtaxi.passenger&reviewId=008bd1e5-6b15-4f3e-ae4e-144a22aac7ff,Positive,INDONESIAN,0.8658360352353194,TAGALOG,0.7769893504731993,1,karena,True
601,android,ph,en,8f4bc0b3-4715-4609-9da5-318da3073f67,2026-05-11T03:36:28.927Z,1,,saya pas mau pergi banget grab app minta update. mana lama pula. harus saat urgent ya updatenya? kejadian dah beberapa kali. Updatenya lama kali kayak zaman internet lemot,Indriyo Margono,5.389.0,"Mohon maaf ya atas ketidaknyamanan yang terjadi.
Apabila Kakak memiliki kendala saat menggunakan aplikasi Grab atau tidak nyaman dengan pelayanan kami, Kakak bisa memilih keluhan yang sesuai di link berikut ya https://grb.to/consumeridhelpcenter 🙏 Terima kasih",2025-07-09T07:20:34.490Z,https://play.google.com/store/apps/details?id=com.grabtaxi.passenger&reviewId=8f4bc0b3-4715-4609-9da5-318da3073f67,Negative,INDONESIAN,0.9999531859673534,MALAY,0.9999111166844186,2,"banget, saya",True
610,android,ph,en,f47e2590-5b90-4370-ac0b-1f8c018796e2,2026-05-10T20:06:57.815Z,4,,"Tolong sediain chat admin seperti shopeefood, saya pernah dapet driver yang ga bergerak dan ga bisa dicontact. Padahal makanannya sudah siap kata resto. Dan melapornya sangat sulit dibanding dishopee, harus nunggu lama untuk cancel order juga. Kesian resto rugi.",Farah,5.341.0,,,https://play.google.com/store/apps/details?id=com.grabtaxi.passenger&reviewId=f47e2590-5b90-4370-ac0b-1f8c018796e2,Positive,INDONESIAN,0.9987692004985923,MALAY,0.9975384009971846,8,"bisa, dan, driver, saya, sudah, tolong, untuk, yang",True
612,android,ph,en,9727e972-d258-4f25-afc5-3270a49d06c0,2026-05-10T15:16:17.464Z,5,,"teramat bagus pantas dan puas hati,seribu bintang untuk abg amir janggut🧔👍",Theblack axe,5.408.0,,,https://play.google.com/store/apps/details?id=com.grabtaxi.passenger&reviewId=9727e972-d258-4f25-afc5-3270a49d06c0,Positive,INDONESIAN,0.6561478972436052,MALAY,0.3178475334162361,2,"dan, untuk",True
657,android,ph,en,e10792e5-0142-419d-8dd3-de38d1d61c0d,2026-05-10T04:12:33.398Z,1,,"dulu bs link tracking pengiriman dgn seller center toped/tiktok, skrg tdk lagi...",ilyas idris,5.407.1,,,https://play.google.com/store/apps/details?id=com.grabtaxi.passenger&reviewId=e10792e5-0142-419d-8dd3-de38d1d61c0d,Negative,INDONESIAN,0.6679867243533995,MALAY,0.41437417874964466,0,,True
689,android,ph,en,9919f603-a1fc-454c-ad68-f5c238039e44,2026-05-09T14:22:02.863Z,1,,nungguin grabfood waktu dicek ternyata batal. minimal kasih notif lah 😇,fujo shien,5.408.0,,,https://play.google.com/store/apps/details?id=com.grabtaxi.passenger&reviewId=9919f603-a1fc-454c-ad68-f5c238039e44,Negative,INDONESIAN,0.9778715102136615,MALAY,0.9601041312144761,0,,True
698,android,ph,en,45ac73bf-018f-4b1d-abc1-9d23bc67ff54,2026-05-09T13:10:44.141Z,3,,service makanan grab sangat slow..order tunggu smpai 2jam takde driver pick up pon makan..grab bagi promo off delivery fee tapi takde function kalau takde orang pick up..bukan sekali bukan 2 kali..feduppp dengan service grab..lps ni taknak dah pakai service food grab ni..cari food service lain la lepas ni..naik menyampah dah,FOZY FRENZY,5.408.0,,,https://play.google.com/store/apps/details?id=com.grabtaxi.passenger&reviewId=45ac73bf-018f-4b1d-abc1-9d23bc67ff54,Neutral,INDONESIAN,0.9998665870396097,MALAY,0.9997331740824861,3,"dengan, driver, kalau",True
709,android,ph,en,d95a1ab7-9669-448b-bfe9-688c95508b4d,2026-05-09T08:22:13.540Z,2,,jalur grabnya lama kena cancel 4 kali nunggunya 10mntan baru dapat driver padahal ga hujan,Chelsea Khe,,,,https://play.google.com/store/apps/details?id=com.grabtaxi.passenger&reviewId=d95a1ab7-9669-448b-bfe9-688c95508b4d,Negative,INDONESIAN,0.7453787813916714,MALAY,0.49116804480343096,1,driver,True
718,android,ph,en,78b4d7e8-af62-4a89-9240-723d13be48d9,2026-05-09T06:14:16.712Z,1,,Grab kerjasama dg ovo paylater.. sudah pakai ovo paylater dari 2024 dan thn ini tiba2 diinfo tdk memenuhi syarat.. pdhl sy aktif dan pembayaran tdk pernah telat. Jadi buat saya..buat apa pakai grab jika tiba2 ovo paylater membuat keputusan sepihak. Jd nilai aplikasi grab menurun saya jelek. Terima Kasih,Trifina Mulyani,5.408.0,,,https://play.google.com/store/apps/details?id=com.grabtaxi.passenger&reviewId=78b4d7e8-af62-4a89-9240-723d13be48d9,Negative,INDONESIAN,0.9996366811677871,MALAY,0.9992733623355743,6,"aplikasi, dan, jadi, jelek, saya, sudah",True
741,android,ph,en,eb510bf8-e91a-49af-82f0-a7b84ac33545,2026-05-08T14:19:38.980Z,1,,uang saya dipotong untuk perjalanan yang tidak saya lakukan,mahersa ali,5.407.1,,,https://play.google.com/store/apps/details?id=com.grabtaxi.passenger&reviewId=eb510bf8-e91a-49af-82f0-a7b84ac33545,Negative,INDONESIAN,0.5318491248012639,MALAY,0.06387573182432121,5,"saya, tidak, uang, untuk, yang",True
764,android,ph,en,95abe997-b217-44f1-a5c1-4ee58971c72e,2026-05-08T11:24:52.891Z,1,,"DIUPDATE MAKIN JELEK, SUSAH CARI DRIVER",Aprillia Putri,5.407.1,,,https://play.google.com/store/apps/details?id=com.grabtaxi.passenger&reviewId=95abe997-b217-44f1-a5c1-4ee58971c72e,Negative,INDONESIAN,0.4062803489626883,TAGALOG,0.1853188788787859,3,"driver, jelek, makin",True
770,android,ph,en,29a58ffb-4e4c-4956-8e9c-1f19b77f9053,2026-05-08T10:05:03.776Z,1,,Saya sudah member premium masih saja kena iklan,Jeffry Nugraha,5.408.0,,,https://play.google.com/store/apps/details?id=com.grabtaxi.passenger&reviewId=29a58ffb-4e4c-4956-8e9c-1f19b77f9053,Negative,INDONESIAN,0.5092360584197435,MALAY,0.0236388023236605,3,"masih, saya, sudah",True
789,android,ph,en,e5b1d00f-d136-4f97-8f3d-223fe95d5fee,2026-05-08T05:57:54.510Z,4,,"Saya mengalami kendala saat ingin memberikan tip kepada driver. Setelah proses rating selesai, tidak tersedia opsi untuk memberikan tip, padahal akun OVO sudah terhubung dan memiliki saldo yang mencukupi. Saran saya, fitur pemberian tip dapat dibuat lebih mudah dan praktis, seperti yang diterapkan pada Gojek, sehingga pengguna dapat langsung memberikan apresiasi kepada driver setelah perjalanan selesai.",Achril Alvialdo,5.406.1,,,https://play.google.com/store/apps/details?id=com.grabtaxi.passenger&reviewId=e5b1d00f-d136-4f97-8f3d-223fe95d5fee,Positive,INDONESIAN,0.9999994446947272,MALAY,0.9999988893894545,7,"dan, driver, saya, sudah, tidak, untuk, yang",True
790,android,ph,en,bb2ba7f3-14ef-4279-8022-084c8ae64d3f,2026-05-08T05:41:56.205Z,1,,"benerin mapnya, nomor alamat rumah gak pas di titik google maps, bikin nyasar aja",Javier Raul Damián,,,,https://play.google.com/store/apps/details?id=com.grabtaxi.passenger&reviewId=bb2ba7f3-14ef-4279-8022-084c8ae64d3f,Negative,INDONESIAN,0.8343615378896563,MALAY,0.6738232830655946,1,gak,True
791,android,ph,en,fc694e0c-5b9b-4f74-840b-8810a823e507,2026-05-08T05:34:56.874Z,1,,"Costumer service nya BOT, Driver cancel sampe 3x lebih, parah, CS MANUSIA ga bisa dihubungi, ga ada solusi dari BOT",Atika Sekar Ayu,,,,https://play.google.com/store/apps/details?id=com.grabtaxi.passenger&reviewId=fc694e0c-5b9b-4f74-840b-8810a823e507,Negative,INDONESIAN,0.6994065423401294,MALAY,0.41274944780910516,2,"bisa, driver",True
795,android,ph,en,d11c220f-1f4c-45be-bd4e-e38302b538a6,2026-05-08T05:12:31.459Z,1,,"kapok bgt pakai ini apk. mau order makan tuh nunggu dapet driver bisa 10-15 menit sendiri. kalau gara2 ongkir hemat ya gmna ya kita jg cari yg murah bjir. ah dahlah hbs ni bkl uninstall aja krn super duper lama tambahan nih mau order makan aku nunggu dapat driver sekitar 20 menit. habis tu masih nunggu order an dibikin nunggu dianter tambah lagi sekitar 1 jam. bayangin mau makan mesti nunggu sekitar 1,5 jam.",Choco Wings,,,,https://play.google.com/store/apps/details?id=com.grabtaxi.passenger&reviewId=d11c220f-1f4c-45be-bd4e-e38302b538a6,Negative,INDONESIAN,0.9996093357523176,MALAY,0.9992186715046423,5,"bisa, driver, kalau, krn, masih",True
843,android,ph,en,3766af3d-8ce7-4da8-ad0d-7c8251226e6a,2026-05-07T06:13:52.910Z,1,,"prob with order? chatbot 😮‍💨 Susah betul takde real human agent to chat or call. Kita ni nak settle problem cepat. dahla lapar duit dah tolak. bukan semua org ya yg suka chatbot ni. dahla function chat dlm app tu confusing. also, pilihan bahasa english dan cina. kenapa melayu takde??",کرامت جيوا,5.408.0,,,https://play.google.com/store/apps/details?id=com.grabtaxi.passenger&reviewId=3766af3d-8ce7-4da8-ad0d-7c8251226e6a,Negative,INDONESIAN,0.8869532902552326,MALAY,0.7765801058941733,1,dan,True
854,android,ph,en,e961755a-92f2-4bf4-9d0b-aa5fbba1bc32,2026-05-07T03:29:12.529Z,1,,payah tarif udah naik driver ga pada ambil👎🏻 apaan ada es teh manis break ckckck,Steph Vanny,5.407.1,,,https://play.google.com/store/apps/details?id=com.grabtaxi.passenger&reviewId=e961755a-92f2-4bf4-9d0b-aa5fbba1bc32,Negative,INDONESIAN,0.7952255149582407,MALAY,0.675272617852248,3,"driver, tarif, udah",True
856,android,ph,en,b60aa707-9ca4-48e3-85d4-8d0ee2c2cbd9,2026-05-07T03:12:58.833Z,1,,Titik mapnya sering kacau,dark machine,5.408.0,,,https://play.google.com/store/apps/details?id=com.grabtaxi.passenger&reviewId=b60aa707-9ca4-48e3-85d4-8d0ee2c2cbd9,Negative,INDONESIAN,0.6636235466254297,MALAY,0.3406151990074291,0,,True
867,android,ph,en,fc912b3d-9588-456f-bacd-a4978f1f446d,2026-05-07T00:48:38.690Z,1,,"saya benci sekali dengan grab, saya sudah pastikan opsi pembayaran selalu menggunakan QRIS, tapi opsi pembayaran tiba-tiba berubah menjadi tunai tanpa sepengetahuan saya, TOLONG BENAHIN BUG NYA!!!",Moel,,,,https://play.google.com/store/apps/details?id=com.grabtaxi.passenger&reviewId=fc912b3d-9588-456f-bacd-a4978f1f446d,Negative,MALAY,0.9943227635924863,INDONESIAN,0.9886455271849726,4,"dengan, saya, sudah, tolong",True
875,android,ph,en,bfdb4cdf-bafb-4fd6-bfdf-a871203ccf4e,2026-05-06T17:40:17.210Z,2,,"Sangat puas dengan jasa yang ditawarkan, tapi saya tidak suka dengan aggressive advertising dari perusahaan ini, penggunaan AI dalam iklan juga memberi kesan ketidakprofesionalan dalam team marketingnya.",Dwi Satya Bimantoro,,,,https://play.google.com/store/apps/details?id=com.grabtaxi.passenger&reviewId=bfdb4cdf-bafb-4fd6-bfdf-a871203ccf4e,Negative,INDONESIAN,0.9973712588798453,MALAY,0.9947425177596907,4,"dengan, saya, tidak, yang",True
915,android,ph,en,1290912b-adf5-4cd7-afed-54df85311ecf,2026-05-06T00:30:33.101Z,1,,"pesan makanan. sistem otomatis bagi 2 pesanan dengan alasan kemudahan handling pesanan. pilih pengiriman ekspres, dtgnya tetap 1 jam kemudian dengan alasan ini itu. komplain dianggap selesai hanya dengan issue voucher 6rb. harga diri customer cuma dihargai 6rb.",hendrik onggono,5.408.0,,,https://play.google.com/store/apps/details?id=com.grabtaxi.passenger&reviewId=1290912b-adf5-4cd7-afed-54df85311ecf,Negative,INDONESIAN,0.9998210027057828,MALAY,0.9996420054115654,4,"cuma, dengan, pesanan, pilih",True
942,android,ph,en,846b0138-11ed-45e3-bf04-74242e74786e,2026-05-05T09:03:12.877Z,3,,"sebenarnya aplikasinya bagus bagus aja cmn pesananku sering banget di batalin sama driver drivernya dan kejadiannya sangat sering, driver mendadak membatalkan orederan saya",Naurahh a. Adam,5.407.1,,,https://play.google.com/store/apps/details?id=com.grabtaxi.passenger&reviewId=846b0138-11ed-45e3-bf04-74242e74786e,Neutral,INDONESIAN,0.9869142638657677,MALAY,0.9738285277315355,4,"banget, dan, driver, saya",True
953,android,ph,en,11c02309-37e4-4301-aaf6-1d35b05ca25c,2026-05-05T02:57:12.844Z,2,,"Diskon makanan makin dikit. Thn lalu msh ada diskon 50%, bbrp bln lalu berubah jadi 40%, sejak bln lalu cuma 35%. Pdhl semua harus belanja min. Rp 50 rb. Resto² yg udah lama pun udah jarang kasih diskon, kasihnya diskon pengantaran aja. Kode diskon YUKGRAB gak bisa dipake, pdhl tiap buka Grab selalu pop-up yg ini.",Happy Pei Pei,5.407.1,,,https://play.google.com/store/apps/details?id=com.grabtaxi.passenger&reviewId=11c02309-37e4-4301-aaf6-1d35b05ca25c,Negative,INDONESIAN,0.9999476551241508,MALAY,0.9998953102483017,7,"bisa, cuma, diskon, gak, jadi, makin, udah",True
970,android,ph,en,2e6c0970-69f8-40ee-97ef-461a1f4c8453,2026-05-04T12:26:14.649Z,1,,"Kalau pesen makan sering bgt dr grabnya udh disetting dgn perkiraan 2 jam dr jam pemesanan. Misal pesen jam 6, kira2 sampenya jam 7.40 padahal resto deket dan yg dipesan cuma 1. Udah gitu nanti makin lama makin nambah waktunya sampe lebih dr jam 8 dan masih gabisa dicancel juga. Udah gila kali ya orang disuruj nunggu 2 jam cuma beli kwetiau yg ujung2nya mesti dicancel karna waktunya makin ngulur. TAMBAHIN FITUR CHAT KE RESTO!!!!!!!!!",Rachmi Pertiwi,5.407.1,,,https://play.google.com/store/apps/details?id=com.grabtaxi.passenger&reviewId=2e6c0970-69f8-40ee-97ef-461a1f4c8453,Negative,INDONESIAN,0.9999996900207762,MALAY,0.9999993800415522,6,"cuma, dan, kalau, makin, masih, udah",True
972,android,ph,en,4733759a-c740-4a23-ab00-cccf78c2ef76,2026-05-04T11:49:13.801Z,1,,"klo udh 1 jam lebih gak dpt2 driver, kasih opsi untuk cancel, gausah nunggu sampe lama2.",Ineed Money,,,,https://play.google.com/store/apps/details?id=com.grabtaxi.passenger&reviewId=4733759a-c740-4a23-ab00-cccf78c2ef76,Negative,INDONESIAN,0.6597677630426884,MALAY,0.3410030864499521,3,"driver, gak, untuk",True
973,android,ph,en,87def3b2-b467-4ac3-9bee-b8aa7dbd3db9,2026-05-04T11:33:17.701Z,1,,"pesen grabfood gaada driver yang ambil udah 1 jam lebih hampir 2 jam, mau cancel pun gabisa. udah chat grab support nya pun tidak memberi solusi apa apa.",Anela Syahla,,,,https://play.google.com/store/apps/details?id=com.grabtaxi.passenger&reviewId=87def3b2-b467-4ac3-9bee-b8aa7dbd3db9,Negative,INDONESIAN,0.864018216586728,TAGALOG,0.7280598404722647,4,"driver, tidak, udah, yang",True
988,android,ph,en,56a5f500-bdb0-47eb-8017-6f793dd7d5c5,2026-05-04T05:55:58.944Z,1,,"grabfood gabisa dicancel, lama bgt drivernya sengaja gada yg mo ambil di jam sibuk sm pas hujan 🗿, keburu makanan dingin",Adhimas Luqman,5.407.1,,,https://play.google.com/store/apps/details?id=com.grabtaxi.passenger&reviewId=56a5f500-bdb0-47eb-8017-6f793dd7d5c5,Negative,INDONESIAN,0.9027585318642399,MALAY,0.8086460211775129,0,,True
1010,android,ph,en,6c3c6990-8cc8-4dae-ae66-962bb9b46fad,2026-05-03T12:32:47.920Z,1,,"pesan grab bike, ga ada yg bawa helm, sudah setengah jam ga ada grab padahal mahal banget",Katrina吳佩芳,5.407.1,,,https://play.google.com/store/apps/details?id=com.grabtaxi.passenger&reviewId=6c3c6990-8cc8-4dae-ae66-962bb9b46fad,Negative,INDONESIAN,0.7465122312388484,MALAY,0.5210176769792983,2,"banget, sudah",True
1015,android,ph,en,f6e654a9-d09f-4aa7-be26-88b8b53c3c59,2026-05-03T09:20:00.116Z,1,,dah top up kat dalam tapi pin eror tak dapat masuk langsung duit hangus macam tu je nak order makanan pun tak boleh penat je top up nak set pin bagai dah set eror pulak tak leh pakai lah aish,Mohamad Azrul,5.407.1,,,https://play.google.com/store/apps/details?id=com.grabtaxi.passenger&reviewId=f6e654a9-d09f-4aa7-be26-88b8b53c3c59,Negative,MALAY,0.969001342244539,INDONESIAN,0.9380026853088688,0,,True
1043,android,ph,en,702576e5-9884-43ce-8df9-3709452eeabb,2026-05-02T11:28:12.940Z,1,,lambat update balance... sudah bayar 100 ringgt tapi 30 minit duit blm masuk lgi...menyusahkan saja,Dzulkifli Miol,5.407.1,,,https://play.google.com/store/apps/details?id=com.grabtaxi.passenger&reviewId=702576e5-9884-43ce-8df9-3709452eeabb,Negative,MALAY,0.7368848535853253,INDONESIAN,0.47439978282642026,1,sudah,True
1046,android,ph,en,dbe38012-4281-4b86-9da3-77d04e7b6cf8,2026-05-02T10:33:48.275Z,1,,"Mobil bau rokok. Sengaja cari Premium tau-taunya sama aja bau rokok, mana nganter bayi ke RS.",Ananta Wijaya,5.407.1,"Mohon maaf ya atas ketidaknyamanan yang terjadi.
Apabila Kakak memiliki kendala saat menggunakan aplikasi Grab atau tidak nyaman dengan pelayanan kami, Kakak bisa memilih keluhan yang sesuai di link berikut ya https://grb.to/consumeridhelpcenter 🙏 Terima kasih",2026-05-02T17:33:09.191Z,https://play.google.com/store/apps/details?id=com.grabtaxi.passenger&reviewId=dbe38012-4281-4b86-9da3-77d04e7b6cf8,Negative,INDONESIAN,0.6558127303077372,MALAY,0.323152069349829,0,,True
1052,android,ph,en,a444cb5a-1d56-4439-b0b8-8c1914eaf5dd,2026-05-02T08:05:01.130Z,1,,"Di Denpasar drivers lebih pilih ke Kuta & Canggu daripada melayani customer di kota, tolong dari pihak Grab ada tindakan, aplikasi korup banget, masah di toko harga 65k jadi 114k di grab??????? kalau bisa kasih bintang 0 pasti tak kasih, tutup aja aplikasi ini",Music World,5.407.1,"Mohon maaf ya atas ketidaknyamanan yang terjadi. Apabila Kakak memiliki kendala saat menggunakan aplikasi Grab atau tidak nyaman dengan pelayanan kami, Kakak bisa memilih keluhan yang sesuai di link berikut ya https://grb.to/consumeridhelpcenter 🙏 Terima kasih
",2026-05-02T17:44:17.744Z,https://play.google.com/store/apps/details?id=com.grabtaxi.passenger&reviewId=a444cb5a-1d56-4439-b0b8-8c1914eaf5dd,Negative,INDONESIAN,0.9993233723862783,MALAY,0.9986467447725568,7,"aplikasi, banget, bisa, jadi, kalau, pilih, tolong",True
1054,android,ph,en,93fb58a2-db9f-4792-8f85-80010ccbabb0,2026-05-02T06:24:29.979Z,2,,Sangat tidak nyaman karena kalau belanja di Grabmart saya tidak bisa lagi membayar menggunakan QRIS.,George Brown,5.407.1,"Mohon maaf ya atas ketidaknyamanan yang terjadi. Apabila Kakak memiliki kendala saat menggunakan aplikasi Grab atau tidak nyaman dengan pelayanan kami, Kakak bisa memilih keluhan yang sesuai di link berikut ya https://grb.to/consumeridhelpcenter 🙏 Terima kasih
",2026-05-02T17:44:42.765Z,https://play.google.com/store/apps/details?id=com.grabtaxi.passenger&reviewId=93fb58a2-db9f-4792-8f85-80010ccbabb0,Negative,INDONESIAN,0.8336700043139009,MALAY,0.6673574127397263,5,"bisa, kalau, karena, saya, tidak",True
1058,android,ph,en,777fb542-ac52-4b03-9b10-a0cfb58295c3,2026-05-02T04:06:03.133Z,1,,makin lama makin susah dpt driver kurir. Saya akan selalu kasi bintang 1 untuk tiap kali double order!!! Bayar mahal tapi tetap tidak jadi prioritas krn sistem double order!!! Makanan jadi makin lama datangnya dan dingin !!!,Peter Khosdijanto,5.407.1,"Mohon maaf ya atas ketidaknyamanan yang terjadi. Apabila Kakak memiliki kendala saat menggunakan aplikasi Grab atau tidak nyaman dengan pelayanan kami, Kakak bisa memilih keluhan yang sesuai di link berikut ya https://grb.to/consumeridhelpcenter 🙏 Terima kasih
",2026-05-02T17:45:05.710Z,https://play.google.com/store/apps/details?id=com.grabtaxi.passenger&reviewId=777fb542-ac52-4b03-9b10-a0cfb58295c3,Negative,INDONESIAN,0.799450325028659,MALAY,0.5989006500576407,8,"dan, driver, jadi, krn, makin, saya, tidak, untuk",True
1061,android,ph,en,2fe2dbf0-4962-40bd-a262-78aa5d18d3cc,2026-05-02T03:13:49.375Z,2,,alamat selalu salah saat delivery. Dan fitur hanya bisa sekali ganti itu juga sama menjijikkan. Ganti fitur lokasinya menjadi lebih akurat,Arya Ananda,5.406.1,"Mohon maaf ya atas ketidaknyamanan yang terjadi. Apabila Kakak memiliki kendala saat menggunakan aplikasi Grab atau tidak nyaman dengan pelayanan kami, Kakak bisa memilih keluhan yang sesuai di link berikut ya https://grb.to/consumeridhelpcenter 🙏 Terima kasih
",2026-05-02T17:57:45.866Z,https://play.google.com/store/apps/details?id=com.grabtaxi.passenger&reviewId=2fe2dbf0-4962-40bd-a262-78aa5d18d3cc,Negative,INDONESIAN,0.7508940267295064,MALAY,0.5018787083668153,2,"bisa, dan",True
1062,android,ph,en,a302f4f9-9c5f-4cad-9696-9577c96b945e,2026-05-02T02:32:04.101Z,3,,tolong grab segera pertanyaan thdp supir mengenai barang saya yg tertinggal tetapi tidak kunjung di kembalikan.,Elva Sabrina,5.407.1,,,https://play.google.com/store/apps/details?id=com.grabtaxi.passenger&reviewId=a302f4f9-9c5f-4cad-9696-9577c96b945e,Neutral,INDONESIAN,0.5461083954877026,MALAY,0.092232586363442,3,"saya, tidak, tolong",True
1064,android,ph,en,c3780ca3-7457-447b-a569-8cbe04cd21d1,2026-05-02T01:53:20.981Z,3,,"kenapa ya driver tuh selalu nerima orderan tapi ga bergerak gerak dari posisi nya, bisa 3 menitan nungguin doang tapi ga bergerak.",Rey An,5.407.0,,,https://play.google.com/store/apps/details?id=com.grabtaxi.passenger&reviewId=c3780ca3-7457-447b-a569-8cbe04cd21d1,Neutral,INDONESIAN,0.8783637820830571,MALAY,0.7589660727258027,2,"bisa, driver",True
1073,android,ph,en,e0ebfc15-1514-4e0c-b2f5-a7214edcc06b,2026-05-01T15:50:35.977Z,1,,"Saya pelanggan setia Grab dari 2019. Baru kali ini pesan makanan 70+ menit baru sampai, padahal jarak resto paling 7 menit dari rumah. Makanan sampai di rumah sudah dingin, kentang goreng sudah peot. Parahnya ga ada kompensasi dari Grab sama sekali.",Darien D,5.407.1,,,https://play.google.com/store/apps/details?id=com.grabtaxi.passenger&reviewId=e0ebfc15-1514-4e0c-b2f5-a7214edcc06b,Negative,INDONESIAN,0.9988963570269839,MALAY,0.9977927140539677,2,"saya, sudah",True
1075,android,ph,en,e0200a29-d984-45dd-a9d7-a0c28017ef8b,2026-05-01T13:50:38.265Z,1,,"waktu tunggu lama,tombol cancel di hilangkan padahal selama 15 menit tidak jelas resto nya respon atau tidak,buang buang waktu hanya untuk tunggu waktu tombol cancel muncul",Ilham Hilmi Aziz,,,,https://play.google.com/store/apps/details?id=com.grabtaxi.passenger&reviewId=e0200a29-d984-45dd-a9d7-a0c28017ef8b,Negative,INDONESIAN,0.9968595375179422,MALAY,0.9937190750358948,2,"tidak, untuk",True
1081,android,ph,en,f14584c9-e1df-466b-bcb8-eff953c6120a,2026-05-01T10:11:25.790Z,1,,kenapa aplikasi ini drivernya kurang pintar ya sebagian besar gak ngerti jalan beda jauh sama sopi dan g0jek,learning being,5.404.1,,,https://play.google.com/store/apps/details?id=com.grabtaxi.passenger&reviewId=f14584c9-e1df-466b-bcb8-eff953c6120a,Negative,INDONESIAN,0.7119777787187084,MALAY,0.4249554719387242,3,"aplikasi, dan, gak",True
1091,android,ph,en,b259134a-0505-413d-8503-12e6712a1719,2026-05-01T06:51:38.798Z,3,,Cape bgt sma aplikasi grab skrng. Tiap mau tracking makanan atau barang selalu loading. Padahal saya coba buka aplikasi lain aman2 saja. Tidak ada gangguan sinyal atau hal lainnya. Hanya aplikasi grab saja yg loading.,Dessy Eklesia Natalia,5.407.1,,,https://play.google.com/store/apps/details?id=com.grabtaxi.passenger&reviewId=b259134a-0505-413d-8503-12e6712a1719,Neutral,INDONESIAN,0.9999985574068594,MALAY,0.9999971148137189,3,"aplikasi, saya, tidak",True
1098,android,ph,en,95de7500-0547-489e-a2a5-03fd447c1fd9,2026-05-01T02:16:31.190Z,1,,"sering pesen grabike XL, Yang dateng malah beat. Dan Itu berkali-kali.",Heath denton,5.407.1,,,https://play.google.com/store/apps/details?id=com.grabtaxi.passenger&reviewId=95de7500-0547-489e-a2a5-03fd447c1fd9,Negative,INDONESIAN,0.5133297489715274,MALAY,0.0970526623724618,3,"dan, malah, yang",True
1099,android,ph,en,1812ba9b-960c-4bdd-abf0-f27d18f3eefc,2026-05-01T00:57:10.733Z,1,,"sekali lagi domino bermasalah, semisal integrasinya buruk, kenapa tidak dihapuskan saja itu? saldo sudah dipotong, makanan tidak sampai",Fauzan FF,,"Halo Kak. Maaf ya buat engga nyaman 🙇‍♀️
Apabila Kakak menemukan kendala pada penggunaan aplikasi Grab Penumpang maka silakan laporkan melalui link https://grb.to/consumeridhelpcenter agar bisa ditindaklanjuti ya.Terima kasih 🙏",2025-03-08T01:43:32.910Z,https://play.google.com/store/apps/details?id=com.grabtaxi.passenger&reviewId=1812ba9b-960c-4bdd-abf0-f27d18f3eefc,Negative,INDONESIAN,0.7502637107456599,MALAY,0.5005307154467228,2,"sudah, tidak",True
1101,android,ph,en,12629c99-bf30-4652-829d-795975341c68,2026-04-30T20:37:53.649Z,1,,"Masa verifikasi wajah sudah 2x sepanjang pemakaian Grab. Aneh, bukankah seharusnya 1x saja? Bisa menjamin data pengguna tidak bocor???!!!",Flare Shen,5.407.1,,,https://play.google.com/store/apps/details?id=com.grabtaxi.passenger&reviewId=12629c99-bf30-4652-829d-795975341c68,Negative,INDONESIAN,0.7645668868780794,MALAY,0.5291426670093633,4,"bisa, seharusnya, sudah, tidak",True
1103,android,ph,en,88d8a178-22ca-41d4-a32e-7faf303625c0,2026-04-30T16:49:29.850Z,1,,"order grabfood lebih dari satu jam, tidak bisa dicancel dan cs bot",Adam Joe Putra,5.406.1,,,https://play.google.com/store/apps/details?id=com.grabtaxi.passenger&reviewId=88d8a178-22ca-41d4-a32e-7faf303625c0,Negative,INDONESIAN,0.8613773847050199,MALAY,0.7992497934556574,3,"bisa, dan, tidak",True
1106,android,ph,en,077e6622-c09c-42d3-b6f0-0a8230197097,2026-04-30T15:22:23.150Z,1,,"apa2an ya ini? karena app ga bs nemuin driver dlm jangka waktu yg lama, trus pas di cancel tarif saya malah kena high fare sampe 2x lipat????? kan blm dpt driver! kenapa kena fare up??",Charestria,5.408.0,,,https://play.google.com/store/apps/details?id=com.grabtaxi.passenger&reviewId=077e6622-c09c-42d3-b6f0-0a8230197097,Negative,INDONESIAN,0.9705590918502888,MALAY,0.9411236808567992,5,"driver, karena, malah, saya, tarif",True
1107,android,ph,en,899ef735-e552-4d3e-8dd8-4aebadb44fcb,2026-04-30T15:10:09.788Z,1,,"Kasihan driversnya. Lalu aplikasi juga terlalu susah dipakai. Mernyusahkan, yang butuh makan dan kendaraan jadi korban. Payah",Hadi F.,5.407.1,,,https://play.google.com/store/apps/details?id=com.grabtaxi.passenger&reviewId=899ef735-e552-4d3e-8dd8-4aebadb44fcb,Negative,INDONESIAN,0.9643301120413047,MALAY,0.928674561874984,4,"aplikasi, dan, jadi, yang",True
1109,android,ph,en,36f58345-5d4c-40bf-91a6-23159b1d6e06,2026-04-30T14:41:24.476Z,1,,"driver pada manja manja sekarang. kalo memang gakmau dapet hemat ya jangan dinyalain hematnya. grabcar/grabike yg bukan hemat aja susah bgt dapetnya. menye menye bgt jaman sekarang, service nol besar!!!",Dhea Musa,5.407.1,,,https://play.google.com/store/apps/details?id=com.grabtaxi.passenger&reviewId=36f58345-5d4c-40bf-91a6-23159b1d6e06,Negative,INDONESIAN,0.995174887500365,MALAY,0.9903497750007303,3,"driver, kalo, sekarang",True
1110,android,ph,en,8bbb1233-bfc4-42f2-b8f1-dd41f3dc1b97,2026-04-30T14:39:17.662Z,2,,"Grab please lah adain tombol cancel order. Gila aja udah nunggu makanan hampir 2 jam gara-gara ga dapet driver, tapi ga bisa cancel. Aneh banget asli. Males pake lagi gara-gara ini. Sebel!!!!",Nabila Amanda,5.407.1,,,https://play.google.com/store/apps/details?id=com.grabtaxi.passenger&reviewId=8bbb1233-bfc4-42f2-b8f1-dd41f3dc1b97,Negative,INDONESIAN,0.9931615932123263,TAGALOG,0.987126511780566,5,"banget, bisa, driver, pake, udah",True
1112,android,ph,en,b93b5982-f11f-43ae-b2d7-b48229747652,2026-04-30T13:44:00.770Z,1,,"Harusnya bisa seperti shopee food, kalau grabfood tidak mendapatkan driver selama 12-20 menit bisa cancel. Jadi saya tidak harus menunggu 1 jam lebih tanpa kepastian. Pusat bantuan tidak membantu sama sekali hanya chatbot. Call center hanya bot yang menjawab.",hesti as,5.407.1,,,https://play.google.com/store/apps/details?id=com.grabtaxi.passenger&reviewId=b93b5982-f11f-43ae-b2d7-b48229747652,Negative,INDONESIAN,0.9999983292718481,MALAY,0.9999966585436962,7,"bisa, driver, jadi, kalau, saya, tidak, yang",True
1115,android,ph,en,1e382915-7e46-4e2c-8822-fa8e468d9deb,2026-04-30T13:09:50.683Z,1,,"saya memesan makanan dari pukul 19.00 dan belum diterima resto tetapi sistem mendeteksi sedang mencari driver. estimasi awal 20.30 malah diperpanjang sampai 20.45, cukup berikan opsi cancel saja, chat bot tidak membantu",Shadam Yunito Ferdiansyah,5.407.1,,,https://play.google.com/store/apps/details?id=com.grabtaxi.passenger&reviewId=1e382915-7e46-4e2c-8822-fa8e468d9deb,Negative,INDONESIAN,0.9988619154176831,MALAY,0.9977238308353661,6,"belum, dan, driver, malah, saya, tidak",True
1119,android,ph,en,4e552d9b-8aa1-4aac-9e3d-82162d94dde7,2026-04-30T12:39:49.140Z,1,,"bayar ongkir mahal, contact support isinya bot, menunggu hampir 2 jam, tidak solutif, waktu tunggu selalu mundur. buang buang waktu orang ga jelas.",Mong,5.407.1,,,https://play.google.com/store/apps/details?id=com.grabtaxi.passenger&reviewId=4e552d9b-8aa1-4aac-9e3d-82162d94dde7,Negative,INDONESIAN,0.7739470711744199,MALAY,0.5485874516607945,1,tidak,True
1124,android,ph,en,d8b641d7-2bb5-4f85-bfe9-0e7f61958c9f,2026-04-30T11:31:42.597Z,1,,"Buru-buru mau pulang malah force closed terus aplikasinya, jelek banget ughh!",Syifa Widianti,5.407.0,,,https://play.google.com/store/apps/details?id=com.grabtaxi.passenger&reviewId=d8b641d7-2bb5-4f85-bfe9-0e7f61958c9f,Negative,INDONESIAN,0.7372320086921038,MALAY,0.49468363534096405,3,"banget, jelek, malah",True
1133,android,ph,en,e9e7f213-c9cd-4fb9-b6cb-14660ef9636a,2026-04-30T09:39:16.597Z,1,,"udah tau bawah anak sekolah masih ngebut ngebut aja ,iya tau harganya murah 6k jdi seenaknya sendiri gitu pdlh aku cuma minta tunggu sbbtr eh pas jalan ngebut banget nyalip"" benci banget mau rating bintang 1 di orangnya kasian beliau juga nyari makan,ini tolong yang untuk pengemudi grab hati hati.",NADIEN CAHAYA CINTA,5.407.0,,,https://play.google.com/store/apps/details?id=com.grabtaxi.passenger&reviewId=e9e7f213-c9cd-4fb9-b6cb-14660ef9636a,Negative,MALAY,0.9034568181904421,INDONESIAN,0.8069136363808841,7,"banget, cuma, masih, tolong, udah, untuk, yang",True
1141,android,ph,en,3772bdc5-bfdf-47f9-a404-f070a27e8d18,2026-04-30T07:10:44.350Z,1,,"x leh report orang yang cancel booking ride kau padahal kau dah tunggu 21 min . bro dia dah la kata dah sampai but dia x de pun kat tempat pick up tu sebab dia baru nak u turn pastu berhenti jauh aku jalan gi kereta dia dia boleh jalan kedepan and cancel bro x de adap,type apa jangan tanye la. pastu help center grab pun x membantu haish nak report org tu x boleh",Syir Aahhh,5.407.0,,,https://play.google.com/store/apps/details?id=com.grabtaxi.passenger&reviewId=3772bdc5-bfdf-47f9-a404-f070a27e8d18,Negative,MALAY,0.8509272384695322,INDONESIAN,0.7018544769390853,1,yang,True
1142,android,ph,en,b9fbaa82-0684-4e9a-8ad7-01544b829094,2026-04-30T06:30:34.720Z,1,,Grab sekarang penuh aturan dan kebijakan yang berbeda dengan yang dulu,Imam Engineer,,,,https://play.google.com/store/apps/details?id=com.grabtaxi.passenger&reviewId=b9fbaa82-0684-4e9a-8ad7-01544b829094,Negative,INDONESIAN,0.894345738876373,MALAY,0.7888872454079094,4,"dan, dengan, sekarang, yang",True
1166,android,ph,en,c26b5844-b0ac-470b-9564-9fff56a5fc65,2026-04-29T13:30:32.317Z,1,,"waspada ada merchant restaurant anomali, saya habis kenak scam dan saya lapor pun tidak di tanggapi dan statusnya terselesaikan kalo order jangan pake fitur pick up saya kenak scam dan tidak d bantu",Okky Giovani,5.274.0,,,https://play.google.com/store/apps/details?id=com.grabtaxi.passenger&reviewId=c26b5844-b0ac-470b-9564-9fff56a5fc65,Negative,INDONESIAN,0.9904679199522035,MALAY,0.980935839904407,5,"dan, kalo, pake, saya, tidak",True
1167,android,ph,en,b36b8567-b606-4e1d-b3e9-0ecd421eaaa3,2026-04-29T12:42:07.378Z,3,,buat laporan sulit. driver grab car tidak serius menerima orderan. applause untuk driver motor yang kinerjanya sudah baik,MExt,5.407.0,,,https://play.google.com/store/apps/details?id=com.grabtaxi.passenger&reviewId=b36b8567-b606-4e1d-b3e9-0ecd421eaaa3,Neutral,INDONESIAN,0.8360091146503053,MALAY,0.6722285934610921,5,"driver, sudah, tidak, untuk, yang",True
1168,android,ph,en,6faba4cc-1ca0-424f-88c5-49a44172ea80,2026-04-29T12:38:04.895Z,1,,ini kenapa saya gak bisa kasih tips driver?? 😡😡 baik pembayaran qris maupun cash kok gak ada tempat buat kasih tips??? perasaan dulu bisa. tolong dong perbaikin,Shania L. S.,5.407.1,,,https://play.google.com/store/apps/details?id=com.grabtaxi.passenger&reviewId=6faba4cc-1ca0-424f-88c5-49a44172ea80,Negative,INDONESIAN,0.8057711286867362,MALAY,0.6115422573734742,5,"bisa, driver, gak, saya, tolong",True
1207,android,ph,en,47a8e0d0-2844-4811-bc1b-e0af4f0dfb62,2026-04-28T17:22:11.158Z,1,,apk tolol bug di order udah 1 jam order ga dapet di cancle ga bisa harusnya kalo nunggu udah brapa lama ada fitur auto cancle atau di tawarkan upgrade sampe saat ini masih ga bisa cancle saya ga bisa order apapun juga ga bisa pulang,Nicholas March,5.407.1,,,https://play.google.com/store/apps/details?id=com.grabtaxi.passenger&reviewId=47a8e0d0-2844-4811-bc1b-e0af4f0dfb62,Negative,INDONESIAN,0.9999997411969335,MALAY,0.999999482393867,5,"bisa, kalo, masih, saya, udah",True
1222,android,ph,en,7f32ab84-e150-45f7-81f2-fa3aa6f4ab8c,2026-04-28T09:33:58.728Z,2,,"Bad experience, Bad apps. Terutama Food nya super lama banget ditambah multiple order lah, kecewa banget",Priesa Pringgodayanti,5.407.0,,,https://play.google.com/store/apps/details?id=com.grabtaxi.passenger&reviewId=7f32ab84-e150-45f7-81f2-fa3aa6f4ab8c,Negative,INDONESIAN,0.7139127108607596,MALAY,0.46363617779230637,1,banget,True
1226,android,ph,en,147d466c-3fb6-461a-b8ca-ae8cc220bdab,2026-04-28T05:04:53.501Z,3,,coba ini aplikasi di benerin jgn error aja kerjanya,Tandi Tarigan,5.407.0,,,https://play.google.com/store/apps/details?id=com.grabtaxi.passenger&reviewId=147d466c-3fb6-461a-b8ca-ae8cc220bdab,Neutral,INDONESIAN,0.8779713282598701,MALAY,0.7811882801230696,1,aplikasi,True
1234,android,ph,en,fc814465-4d72-4991-a744-d4e1c4b8f96f,2026-04-28T00:10:12.281Z,1,,Susah banget mau pesen doang loadingnya lama,Random Guys,5.406.1,,,https://play.google.com/store/apps/details?id=com.grabtaxi.passenger&reviewId=fc814465-4d72-4991-a744-d4e1c4b8f96f,Negative,INDONESIAN,0.669572323111355,MALAY,0.3499011645410923,1,banget,True
1271,android,ph,en,a6b6a191-bac8-4d2f-a825-441a586c01eb,2026-04-26T23:54:12.963Z,1,,bad experience selalu dapat driver dengan jarak jemput yang sangat jauh.,Meyrisa Adelia,,,,https://play.google.com/store/apps/details?id=com.grabtaxi.passenger&reviewId=a6b6a191-bac8-4d2f-a825-441a586c01eb,Negative,INDONESIAN,0.603231769994379,MALAY,0.24005625248514612,3,"dengan, driver, yang",True
1272,android,ph,en,10fd49d5-4581-4f12-a202-cb7bae09bab8,2026-04-26T23:49:52.990Z,1,,"Baru pertama kali install. Pesan grabcar 5 kali berturut-turut 4 sopir gak ada yang genah! yg pertama ramah walaupun promo awal (kek ketemu malaikat gak ngedumel nyapa juga), kedua ugal²an hampir nabrak orang, yg ketiga gak tau nyari lokasi krn maps aplikasi meleset, yg keempat gak punya skill ngemudi dibelokkan tapi nyalahin rute penumpang sama ngehina tarif, yg kelima akting Sasuke. Malaikat pun menilai sangat buruk.",Priska,5.406.1,,,https://play.google.com/store/apps/details?id=com.grabtaxi.passenger&reviewId=10fd49d5-4581-4f12-a202-cb7bae09bab8,Negative,MALAY,0.9751438031440266,INDONESIAN,0.9502876062880532,5,"aplikasi, gak, krn, tarif, yang",True
1278,android,ph,en,6ac9122d-ea14-4069-b68c-a488aacb941f,2026-04-26T14:48:48.510Z,1,,"KECEWA dengan Grab sekarang. Driver grabfood penipu, makanan ga diantar tapi ngaku di antar. Penanganan CS a.n Callista juga MENGECEWAKAN!! Tanya ulang pertanyaan bodoh dan main tutup tiket complain. Hati2 pakai aplikasi ini, siap KECEWA aja",Elias Sugita Handoyo,5.407.0,,,https://play.google.com/store/apps/details?id=com.grabtaxi.passenger&reviewId=6ac9122d-ea14-4069-b68c-a488aacb941f,Negative,INDONESIAN,0.9999998751098416,MALAY,0.9999997502196831,5,"aplikasi, dan, dengan, driver, sekarang",True
1330,android,ph,en,94fe3cd5-bc82-4c0c-8bf8-7a83edd6de71,2026-04-25T05:44:11.257Z,2,,"aneh suka ganti"" metode pembayaran sendiri",aliya cantika,5.406.1,,,https://play.google.com/store/apps/details?id=com.grabtaxi.passenger&reviewId=94fe3cd5-bc82-4c0c-8bf8-7a83edd6de71,Negative,INDONESIAN,0.6720622475065424,MALAY,0.3630295247452776,0,,True
1361,android,ph,en,7e87e261-61e2-42ea-8de3-bf1201fa7e95,2026-04-24T02:18:06.358Z,5,,Penggunaan app ni mmg bagus.Sbb ianya memudahkan & menjimatkan bnyk masa aku. Cumanya servis charge nye la yg mahal skit.,AHMAD HASFIZ ABU BAKAR,5.406.1,,,https://play.google.com/store/apps/details?id=com.grabtaxi.passenger&reviewId=7e87e261-61e2-42ea-8de3-bf1201fa7e95,Positive,MALAY,0.8030483127039958,INDONESIAN,0.6064715057483193,0,,True
1378,android,ph,en,5285e920-b1d9-452b-91d1-7f1a48f2d994,2026-04-23T08:52:19.432Z,3,,"Lebih baik bila ada block list untuk memblock driver yang tidak baik kelakuannya. Akhir2 ini mobil sering berbau rokok elektrik yang memusingkan (bau arak,Teh,deterjen), apalagi yang mobilnya bau rokok parah, seperti masuk asbak.",Mei Luna,5.406.1,,,https://play.google.com/store/apps/details?id=com.grabtaxi.passenger&reviewId=5285e920-b1d9-452b-91d1-7f1a48f2d994,Neutral,INDONESIAN,0.8057065395772698,MALAY,0.6114130791545396,4,"driver, tidak, untuk, yang",True
1390,android,ph,en,bbce6959-4d3f-4d50-ba7c-22f46bbf6697,2026-04-23T04:20:41.299Z,1,,gajelas cok ni apk tiba2 nomor ovo gua udah gak bisa di top up in,d,5.406.1,,,https://play.google.com/store/apps/details?id=com.grabtaxi.passenger&reviewId=bbce6959-4d3f-4d50-ba7c-22f46bbf6697,Negative,INDONESIAN,0.7088409520029555,MALAY,0.44322737549832025,3,"bisa, gak, udah",True
1391,android,ph,en,fdeb8c21-ee24-4c4e-b1c2-db3f7e4d0f50,2026-04-23T04:19:12.266Z,1,,"Sebagai User yg suka ambil Driver Online belakangan ini buruk. Driver Marah/Galak tidak Jelas. Tolong difilter lagi Drivernya agar tidak sembarangan, mereka ini anterin customer bukan teman tongkrongan jadi attitude harus dijaga.",muhamad wisnu,,,,https://play.google.com/store/apps/details?id=com.grabtaxi.passenger&reviewId=fdeb8c21-ee24-4c4e-b1c2-db3f7e4d0f50,Negative,INDONESIAN,0.9713940497287712,MALAY,0.9427880994575424,4,"driver, jadi, tidak, tolong",True
1393,android,ph,en,5510fe00-2d59-4c62-be09-20424f797a4a,2026-04-23T03:39:07.368Z,1,,"Saya nungguin order saya 1.5jam lebih, sampai akhirnya saya kontak ke tokonya, ternyata di sistem mereka tidak ada terima order saya masuk. Saya kontak help center, mereka kekeuh masalahnya karna tidak ada driver yg ambil order saya. Padahal masalahnya nyantol di sistem grab. Customer servicenya buruk, tidak melakukan oengecakan menyeluruh, buru"" close chat. Tidak ada kompensasi juga, padahal kesalahan dari grab.",Evelina Herawati,,,,https://play.google.com/store/apps/details?id=com.grabtaxi.passenger&reviewId=5510fe00-2d59-4c62-be09-20424f797a4a,Negative,INDONESIAN,0.9998914804379275,MALAY,0.999782960875855,3,"driver, saya, tidak",True
1420,android,ph,en,3bf1b425-0a79-40cf-b172-c4f965a087fd,2026-04-22T07:46:06.348Z,1,,tombol tips yang di kolom order itu sangat sangat mengganggu!,Helen,5.405.0,,,https://play.google.com/store/apps/details?id=com.grabtaxi.passenger&reviewId=3bf1b425-0a79-40cf-b172-c4f965a087fd,Negative,INDONESIAN,0.6595584787546862,MALAY,0.38607547085589267,1,yang,True
1423,android,ph,en,ede470ed-3cf7-400c-8ebc-3afb96dd3b7a,2026-04-22T05:22:52.418Z,1,,aplikasi busuk bintang 0 sih ini kalo bisa masa nyari driver ga dapet dapet aplikasi ga becus busuk,Tegak Pangestu Wibowo,,,,https://play.google.com/store/apps/details?id=com.grabtaxi.passenger&reviewId=ede470ed-3cf7-400c-8ebc-3afb96dd3b7a,Negative,INDONESIAN,0.6396315307262536,TAGALOG,0.4294030413106803,4,"aplikasi, bisa, driver, kalo",True
1440,android,ph,en,bb4bafcf-79e2-4290-8e4c-5689b7195847,2026-04-21T13:22:14.411Z,1,,"Bintang 1 dulu, sekarang ada iklan dimana saya lagi memantau perjalanan istri saya, dan aplikasi ini saya bayar dan juga subs, seharus tidak perlu iklan yg mengganggu pemakaian, sungguh memalukan ! poor grab indonesia",Tan Yang Yang,5.406.1,,,https://play.google.com/store/apps/details?id=com.grabtaxi.passenger&reviewId=bb4bafcf-79e2-4290-8e4c-5689b7195847,Negative,INDONESIAN,0.9991465072489203,MALAY,0.9982930144978407,5,"aplikasi, dan, saya, sekarang, tidak",True
1445,android,ph,en,2808b823-4424-45e4-b7b8-b51ee78862b6,2026-04-21T12:06:32.272Z,1,,"Grab khususnya grab express. Udah 2x titik maps tujuan tidak sesuai dengan yang diinput diawal padahal itu alamat sudah di save. Akhirnya apa? Saya harus share location pake Whatapp ke kurir dengan negosiasi penambahan ongkos. Bukan salah kurir, salah aplikasi tidak beres. Yang kasian saya nombok teruss. 👎👎👎👎👎👎👎👎👎👎👎👎",Sari nastiti imani,5.406.1,,,https://play.google.com/store/apps/details?id=com.grabtaxi.passenger&reviewId=2808b823-4424-45e4-b7b8-b51ee78862b6,Negative,INDONESIAN,0.9991684114569818,MALAY,0.9983368229139635,9,"aplikasi, dengan, pake, saya, sesuai, sudah, tidak, udah, yang",True
1493,android,ph,en,9bb3466c-880d-4af5-acde-fa143a712142,2026-04-20T10:33:10.872Z,1,,"teruk aku order semua cancel aku dah laa kat tempat keje nak balik gila sampai malam esok nak keje lagi hari² camni baik kau delete je laa app ni,sesiapa yang baca ada tak app yang terbaik tolong aku dh penat laa camni",HUNTTOO ART,5.405.0,,,https://play.google.com/store/apps/details?id=com.grabtaxi.passenger&reviewId=9bb3466c-880d-4af5-acde-fa143a712142,Negative,MALAY,0.720142529250149,INDONESIAN,0.44028505850708344,2,"tolong, yang",True
1512,android,ph,en,c3723ee7-0aec-451c-8ef9-11e68c2e7bd3,2026-04-20T04:25:44.580Z,1,,"Select 3 barang kat grab mart, sekali perasan apps set replace dengan barang lain kalau dah habis stok. Tukar setting ke remove item jer untuk 3 barang tu. Lepas tu baru teringat nak kena add item baru, tak perasan setting replace barang ni yg APPS auto set ke replace barang lain jugak. RUGI lebih RM20!!",bolaman awesome,5.405.0,,,https://play.google.com/store/apps/details?id=com.grabtaxi.passenger&reviewId=c3723ee7-0aec-451c-8ef9-11e68c2e7bd3,Negative,INDONESIAN,0.9901030200896767,MALAY,0.9802060455351808,3,"dengan, kalau, untuk",True
1521,android,ph,en,338bc96b-ce7a-4693-88ee-2f77c55a2c86,2026-04-20T00:42:58.773Z,1,,"udah nunggu lama, pas maps nya keliatan udah deket ternyata di cancel. yang bener aja????? pagi2 orang mau kerja ini jd repot",tal,5.405.0,,,https://play.google.com/store/apps/details?id=com.grabtaxi.passenger&reviewId=338bc96b-ce7a-4693-88ee-2f77c55a2c86,Negative,INDONESIAN,0.8539466235790683,MALAY,0.7105266645874493,2,"udah, yang",True
1542,android,ph,en,6cd7ca6c-2bd6-4072-8225-b18ba1feacfc,2026-04-19T13:19:35.501Z,1,,"pesen grabfood lama banget dapet driver, giliran mau dicancel ga bisa. udah satu jam nunggu ga dpt2 driver",Astrid Maya,5.405.0,"Mohon maaf ya atas ketidaknyamanan yang terjadi.
Apabila Kakak memiliki kendala saat menggunakan aplikasi Grab atau tidak nyaman dengan pelayanan kami, Kakak bisa memilih keluhan yang sesuai di link berikut ya https://grb.to/consumeridhelpcenter 🙏 Terima kasih",2026-04-19T13:36:15.339Z,https://play.google.com/store/apps/details?id=com.grabtaxi.passenger&reviewId=6cd7ca6c-2bd6-4072-8225-b18ba1feacfc,Negative,INDONESIAN,0.9050799074571401,TAGALOG,0.8524043669443154,4,"banget, bisa, driver, udah",True
1544,android,ph,en,18d4f862-17dc-41c3-a8eb-99465ccb81eb,2026-04-19T12:26:38.551Z,1,,"dulu sering pakai app ini, tapi sudah menurun fungsinya. pakai grabfood estimasi pengiriman bisa molor 30menit. padahal sudah 1 jam, jadi 1jam 30 menit dan harga paling mahal dari platform lain. harus sabar2 pakai app ini. bukan salah driver ya. sama grabnya dikasi orderan ke 2 dst jadi driver ga bisa sampai tepat waktu.",MEL_KO Official,5.405.0,"Mohon maaf ya atas ketidaknyamanan yang terjadi.
Apabila Kakak memiliki kendala saat menggunakan aplikasi Grab atau tidak nyaman dengan pelayanan kami, Kakak bisa memilih keluhan yang sesuai di link berikut ya https://grb.to/consumeridhelpcenter 🙏 Terima kasih",2026-04-19T13:36:50.747Z,https://play.google.com/store/apps/details?id=com.grabtaxi.passenger&reviewId=18d4f862-17dc-41c3-a8eb-99465ccb81eb,Negative,INDONESIAN,0.9999999995427111,MALAY,0.9999999990854223,5,"bisa, dan, driver, jadi, sudah",True
1607,android,ph,en,a1c3ce52-357b-407b-9e10-d27af98dd3a9,2026-04-18T11:40:55.133Z,3,,sekarang ongkir grabfoodnya mahal banget. trus fitur yang bisa pakai multiple voucher tapi cuma beberapa voucher aja yg bisa. vouchernya juga udah ngga sebanyak dulu,tiara diva,5.405.0,"Mohon maaf ya atas ketidaknyamanan yang terjadi. Apabila Kakak memiliki kendala saat menggunakan aplikasi Grab atau tidak nyaman dengan pelayanan kami, Kakak bisa memilih keluhan yang sesuai di link berikut ya https://grb.to/consumeridhelpcenter 🙏 Terima kasih
",2026-04-19T13:53:47.173Z,https://play.google.com/store/apps/details?id=com.grabtaxi.passenger&reviewId=a1c3ce52-357b-407b-9e10-d27af98dd3a9,Neutral,INDONESIAN,0.9999999203616667,MALAY,0.9999998407233335,6,"banget, bisa, cuma, sekarang, udah, yang",True
1610,android,ph,en,f3ca7f17-6b86-4f17-ac8c-73c4ec33d4cf,2026-04-18T10:39:20.658Z,1,,"ngapain sih pake gambar gambar AI, saya stop pake grab sejak liat gambar2nya. tolong diperbaiki",Phing Phing,5.405.0,,,https://play.google.com/store/apps/details?id=com.grabtaxi.passenger&reviewId=f3ca7f17-6b86-4f17-ac8c-73c4ec33d4cf,Negative,INDONESIAN,0.5257321968280233,MALAY,0.05364982425393433,3,"pake, saya, tolong",True
1613,android,ph,en,8adb5b5b-40af-4ed7-aeea-468b0732f335,2026-04-18T08:54:07.454Z,5,,memudahkan segala urusan,Siti Nur Rubiah,,,,https://play.google.com/store/apps/details?id=com.grabtaxi.passenger&reviewId=8adb5b5b-40af-4ed7-aeea-468b0732f335,Positive,MALAY,0.6644337961330875,INDONESIAN,0.32901612432374,0,,True
1617,android,ph,en,606bfd6b-87d2-4603-8cd8-26713cea07e5,2026-04-18T07:23:02.510Z,1,,"KECEWA BERAT! saya order makanan pakai uang digital. makanan di terima dengan baik dan saldo saya sdh terpotong sesuai total hrg makanan. waktu itu saya order makanan dengan total sekitar 120rb (95rb dan 25rb) dan saldo awal saya 150rb. besokny saya mau order makanan lg dengan total sekitar 50rb an. krn kurang saya top up 100rb. pas mau buat order, tertahan krn d suruh bayar 95rb dr orderan kmrn. sy ajukan pengaduan. blm jg solve, besok ny sy cek saldo sy sdh d potong 95rb tanpa penjelasan ke sy",Amri Lubis,,"Mohon maaf ya atas ketidaknyamanan yang terjadi. Apabila Kakak memiliki kendala saat menggunakan aplikasi Grab atau tidak nyaman dengan pelayanan kami, Kakak bisa memilih keluhan yang sesuai di link berikut ya https://grb.to/consumeridhelpcenter 🙏 Terima kasih
",2026-04-19T13:54:09.540Z,https://play.google.com/store/apps/details?id=com.grabtaxi.passenger&reviewId=606bfd6b-87d2-4603-8cd8-26713cea07e5,Negative,MALAY,0.9847122674573572,INDONESIAN,0.9694245349147144,6,"dan, dengan, krn, saya, sesuai, uang",True
1629,android,ph,en,d74f444a-8cbd-496a-be19-6baf0b7fb257,2026-04-18T04:34:45.500Z,1,,"Tolong ini mah min mitra GRAB lebih diedukasi lagi. Sebagian mitra motor Plat nomer dipakein selotip item apalagi di jakarta mksdnya biar apa? kalau memang merasa taat aturan jalan, jujur, punya integritas, tidak lawan arus, tidak naik trotoar, ngerokok di jalan, dan tidak ngelunjak. Ngapain harus ditutupin plat nomernya toh. Sebagian SDM gojek kecerdasannya kurang. Tolong lebih tegas lagi. kalau bisa ada pihak dari gojek sebagai mata"" untuk menertibkan peraturan di jalanan. Suwonn..",Riza Ahmad Ibrahim,5.405.0,,,https://play.google.com/store/apps/details?id=com.grabtaxi.passenger&reviewId=d74f444a-8cbd-496a-be19-6baf0b7fb257,Negative,INDONESIAN,0.9999999999996543,MALAY,0.9999999999993084,6,"bisa, dan, kalau, tidak, tolong, untuk",True
1633,android,ph,en,6b72d146-ac6c-4253-9f8f-eddaa9dad565,2026-04-18T03:38:46.160Z,5,,"GRAB SANGAT BERGUNA & MEMBANTU sangat bagus dan banyak fitur, secara teknis bener2 canggih & praktis, cuma kalah dipromo kadang sama si ijo. tapi layanan purna jual tetap terbaik disini ⭐⭐⭐⭐⭐",Daniel Bryan,5.406.1,,,https://play.google.com/store/apps/details?id=com.grabtaxi.passenger&reviewId=6b72d146-ac6c-4253-9f8f-eddaa9dad565,Positive,INDONESIAN,0.9994897469863425,MALAY,0.998979493972685,2,"cuma, dan",True
1645,android,ph,en,fae2a9aa-1e77-4348-b0ff-cbdc53e5649c,2026-04-17T22:25:41.995Z,1,,"buruk.. tanpa ada sebab apa² akun di suspend, padahal hanya dipakai utk transportasi singkat dr rumah ke stasiun lrt... driver grab nya bnyak yg gak sopan klw ngomong di telepon, sdh sekalian aja delete app, msh bnyak app online lainnya yg bagus.",Rezky Suryawijaya,5.405.0,,,https://play.google.com/store/apps/details?id=com.grabtaxi.passenger&reviewId=fae2a9aa-1e77-4348-b0ff-cbdc53e5649c,Negative,INDONESIAN,0.9998594058113526,MALAY,0.9997188116227053,2,"driver, gak",True
1646,android,ph,en,dd8156ec-dc56-4f0b-8738-4c89662e1c15,2026-04-17T19:47:51.770Z,1,,"Susah membatalkan pesanan, katanya masih cari driver tapi terlalu lama dan tidak ada pilihan batalkan pesanan, seolah-olah kita dipaksa nungguin pesanan yg gak tau kapan datangnya larena masih nyari driver.",Randi Suranto,5.403.0,,,https://play.google.com/store/apps/details?id=com.grabtaxi.passenger&reviewId=dd8156ec-dc56-4f0b-8738-4c89662e1c15,Negative,INDONESIAN,0.7547778706858737,MALAY,0.5095557413717472,6,"dan, driver, gak, masih, pesanan, tidak",True
1648,android,ph,en,6095dd14-6adf-4df0-b75c-1b17599a18cc,2026-04-17T17:12:45.725Z,3,,buat pembayaran qris nya kurang convenient karna harus scan qr driver. kenapa gak aplikasi langsung kasih qris dan kita bayar langsung,fazri,5.405.0,,,https://play.google.com/store/apps/details?id=com.grabtaxi.passenger&reviewId=6095dd14-6adf-4df0-b75c-1b17599a18cc,Neutral,INDONESIAN,0.5081296050751607,MALAY,0.02076507854712567,4,"aplikasi, dan, driver, gak",True
1652,android,ph,en,f288ec5d-fd12-49bf-9801-055bca92533a,2026-04-17T16:02:28.809Z,1,,saat mau pesan mcd di grab food harganya total 20 ribu lalu saya top up saldo ovo tapi setelahnya harga langsung berubah jadi 60 ribu lagi. kecewa banget,Alfred Raymond,,,,https://play.google.com/store/apps/details?id=com.grabtaxi.passenger&reviewId=f288ec5d-fd12-49bf-9801-055bca92533a,Negative,INDONESIAN,0.9999486660433884,MALAY,0.9998973320867767,3,"banget, jadi, saya",True
1677,android,ph,en,c6c7df6d-d7bb-4640-98d8-d675207a84ac,2026-04-17T09:13:55.156Z,3,,Sekarang tak da extra 5x points ya bila naik grab macam sebelum ni.... Agak rugi juga sebb points sy agak banyak.macam mn nak claim balik points Xtra yg sy tak dapat.,Azni Salleh,5.405.0,,,https://play.google.com/store/apps/details?id=com.grabtaxi.passenger&reviewId=c6c7df6d-d7bb-4640-98d8-d675207a84ac,Neutral,INDONESIAN,0.9998259476133396,MALAY,0.999651895438364,1,sekarang,True
1709,android,ph,en,95898a5a-d3e3-4f39-a94a-2ad8646f941d,2026-04-17T03:26:56.870Z,1,,"Stupid app don't let me cancel my order after waiting for more than 2 hour. Orang lain pun ada plan, dari duk tunggu makanan tak sampai, bagi la option untuk cancel. Aku pun ada benda lain nak buat. Customer service is non existent. Only stupid app put AI as their customer service. Better swap to other deliver app.",Ahmad Bazlee Mohd Noor,5.404.1,,,https://play.google.com/store/apps/details?id=com.grabtaxi.passenger&reviewId=95898a5a-d3e3-4f39-a94a-2ad8646f941d,Negative,INDONESIAN,0.9995363046942423,MALAY,0.9990818125370097,1,untuk,True
1726,android,ph,en,3d9d0643-a770-477b-9cf4-9c1f4b000841,2026-04-16T14:49:31.222Z,4,,tolong ditambah opsi tol/ non tol daripada debat terus sama drivernya,Benny Setiawan,5.404.1,,,https://play.google.com/store/apps/details?id=com.grabtaxi.passenger&reviewId=3d9d0643-a770-477b-9cf4-9c1f4b000841,Positive,MALAY,0.7173802201580528,INDONESIAN,0.44826890816815235,1,tolong,True
1739,android,ph,en,215c25ed-cd90-4443-9faf-c7d1acf4c624,2026-04-16T11:27:16.162Z,1,,"aplikasi ini sukar difahami, sukar utk membuat tempahan makanan terutama ketika ubah maklumat alamat.",Wan Fatma Azura Wan Mahamood,5.403.0,,,https://play.google.com/store/apps/details?id=com.grabtaxi.passenger&reviewId=215c25ed-cd90-4443-9faf-c7d1acf4c624,Negative,MALAY,0.9509099289823114,INDONESIAN,0.9018204059096362,1,aplikasi,True
1742,android,ph,en,5ccec3f8-8add-439b-be4e-34ce5db23ce0,2026-04-16T10:54:39.368Z,5,,"Grab ialah memudahkan saya menempah pengangkutan, penghantaran makanan, dan pelbagai perkhidmatan harian dalam satu platform. Aplikasi ini mudah digunakan serta menawarkan banyak pilihan perkhidmatan. Secara keseluruhan, Grab sangat praktikal untuk urusan harian dan perjalanan saya.",Izzah Amirah,,,,https://play.google.com/store/apps/details?id=com.grabtaxi.passenger&reviewId=5ccec3f8-8add-439b-be4e-34ce5db23ce0,Positive,MALAY,0.9999999972300465,INDONESIAN,0.9999999944600931,4,"aplikasi, dan, saya, untuk",True
1747,android,ph,en,fad4cbf9-7483-44b7-884a-94b7b192afe9,2026-04-16T09:47:58.681Z,3,,"males nya pake grab, map nya gak update. lokasi kos gak ketemu di map grab, tapi di aplikasi sebelah ketemu aja tuh. di google map, kosnya malah udah berdiri 7 tahun lalu. sebel.",Nesia C,5.405.0,,,https://play.google.com/store/apps/details?id=com.grabtaxi.passenger&reviewId=fad4cbf9-7483-44b7-884a-94b7b192afe9,Neutral,INDONESIAN,0.9999913706164706,MALAY,0.9999827412329413,5,"aplikasi, gak, malah, pake, udah",True
1791,android,ph,en,144306e1-a7a9-49fc-baea-a6ab8bbf0d5c,2026-04-15T14:43:19.571Z,5,,sukses terus grab,Sudra Prabowo,5.403.0,,,https://play.google.com/store/apps/details?id=com.grabtaxi.passenger&reviewId=144306e1-a7a9-49fc-baea-a6ab8bbf0d5c,Positive,INDONESIAN,0.7799364432951477,MALAY,0.5790437172734202,0,,True
1793,android,ph,en,9245480d-3743-4e09-af5e-fd20326dc64a,2026-04-15T14:10:44.926Z,2,,kualitas driver menurun,Christian Bunaidi,5.405.0,,,https://play.google.com/store/apps/details?id=com.grabtaxi.passenger&reviewId=9245480d-3743-4e09-af5e-fd20326dc64a,Negative,INDONESIAN,0.7607134273311194,MALAY,0.5654274166642149,1,driver,True
1796,android,ph,en,134be096-cc3c-4e26-8851-a3f36c3de44b,2026-04-15T12:11:13.817Z,1,,"Grabfood lebih ribet dr kurir paket, foto orang dengan makanannya. Ada yg cuma foto makanannya saja. Ada yg Non Tunai saja, kalau cash tdk perlu foto. Terlihat jelas Grab selama ini membuat aturan tanpa ada sosialisasi yang baik dan seragam.",F41 FAI,5.405.0,"Hai Kak, Mohon maaf atas ketidaknyamanannya.
Untuk penanganan cepat terkait kendala pd layanan Grab Indonesia yg Kakak alami, mohon untuk menyampaikan detail lebih lanjutnya melalui DM atau Personal Message di:
Twitter: @GrabID, Facebook: Grab atau melalui Help Center pada aplikasi Grab ya.
Terima kasih banyak. 🙏
",2021-04-13T12:08:48.717Z,https://play.google.com/store/apps/details?id=com.grabtaxi.passenger&reviewId=134be096-cc3c-4e26-8851-a3f36c3de44b,Negative,INDONESIAN,0.9999999758207997,MALAY,0.9999999516415994,5,"cuma, dan, dengan, kalau, yang",True
1799,android,ph,en,b4d33079-ddae-46fc-ac68-4e9a3f71d25d,2026-04-15T11:47:16.479Z,1,,"grab bujang aku udah bayar pakai qr duitnya malah ga masuk, sampai qrnya ganti berkali-kali duitku jadi habis bujang",Juwani Cinta,,,,https://play.google.com/store/apps/details?id=com.grabtaxi.passenger&reviewId=b4d33079-ddae-46fc-ac68-4e9a3f71d25d,Negative,INDONESIAN,0.5048380844749275,MALAY,0.00984790074178582,3,"jadi, malah, udah",True
1802,android,ph,en,04e36eb8-b7d2-49a2-b624-c41bb4893f5e,2026-04-15T11:26:04.714Z,1,,"tarif dr botani ke bnr 120 rb, trs dpt drivernya jauh, knp yg dikasih yg terdekat. Bbrp kali driver cancel krn kejauhan. Sy nunggu driver sp 15 menit",Irene Hirawan,,,,https://play.google.com/store/apps/details?id=com.grabtaxi.passenger&reviewId=04e36eb8-b7d2-49a2-b624-c41bb4893f5e,Negative,INDONESIAN,0.6548090853260076,MALAY,0.3159907113019912,3,"driver, krn, tarif",True
1826,android,ph,en,bf154568-2228-4cf2-9505-9b39d9b158bb,2026-04-15T04:05:36.179Z,1,,"Selama ini saya pakai dengan nyaman, beli makan, bepergian. Tapi barusan dapet pengalaman yang bikin kapok banget. Lagi demam sendirian di kamar mau pesen makan lewat Grab, udah dipesan, eh baru sadar alamatnya disetting jauh banget, ke tempat yang ga pernah saya masukin ke saved address. Mana gak bisa diganti pula, AI Bot-nya gak membantu sama sekali. bikin kerjaan orang sakit aja",Gita,5.405.0,,,https://play.google.com/store/apps/details?id=com.grabtaxi.passenger&reviewId=bf154568-2228-4cf2-9505-9b39d9b158bb,Negative,INDONESIAN,0.9999395687128787,MALAY,0.9998791374257574,7,"banget, bisa, dengan, gak, saya, udah, yang",True
1844,android,ph,en,90ff3528-47e8-4208-8cc3-b772e8511214,2026-04-14T17:10:57.580Z,1,,"Jam 1 malam waktu Bali, pesan Nasi Padang Simpang Ampek Teuku Umar dari Imam Bonjol. Kalau nyetir motor sendiri cuma 5 menit. Pake GrabFood tercepat, 52 menit, sedangkan GoFood tercepat cuma 20 menit. Arti nya, driver Grabs pada malas-malas dan lamban.",Mort,5.404.1,,,https://play.google.com/store/apps/details?id=com.grabtaxi.passenger&reviewId=90ff3528-47e8-4208-8cc3-b772e8511214,Negative,INDONESIAN,0.9999999985738985,MALAY,0.9999999971526035,5,"cuma, dan, driver, kalau, pake",True
1847,android,ph,en,3ae78b6d-774f-4174-b840-70d1db57743a,2026-04-14T16:02:40.725Z,1,,"Berkali2 pemesanan lokasi nya bergeser dari lokasi semestinya. Biasanya setiap pesan lgsg pake lokasi sesuai save place yg sesuai lokasi sy nya tapi ini berkali2 pemesanan tiba2 lokasinya geser 5 - 10 km ato ke lokasi sebelumnya yg ga sesuai dgn titik sy. Iya sy pun salah ga cek lg, cuman biasanya grab ga pernah gini. Mudah2an bisa diperbaiki masalah ini. Rugi berkali grab food. Help centre nya jg gaada solusi, ga jelas mungkin kurang paham maksudnya.",RAA,5.405.0,"Mohon maaf ya atas ketidaknyamanan yang terjadi.
Apabila Kakak memiliki kendala saat menggunakan aplikasi Grab atau tidak nyaman dengan pelayanan kami, Kakak bisa memilih keluhan yang sesuai di link berikut ya https://grb.to/consumeridhelpcenter 🙏 Terima kasih",2026-01-18T14:58:16.844Z,https://play.google.com/store/apps/details?id=com.grabtaxi.passenger&reviewId=3ae78b6d-774f-4174-b840-70d1db57743a,Negative,INDONESIAN,0.9999999673530074,MALAY,0.9999999347060149,3,"bisa, pake, sesuai",True
1859,android,ph,en,ab0b3860-83bc-47da-88e1-fa38052887c7,2026-04-14T10:21:22.679Z,3,,"Ga suka sama drivernya, setiap hujan susah dapet driver buat pulang pergi kemanapun. Sekalinya dapet, eh langsung di cancel karena jauh tempuh jaraknya",Hoerunnisa,5.404.1,,,https://play.google.com/store/apps/details?id=com.grabtaxi.passenger&reviewId=ab0b3860-83bc-47da-88e1-fa38052887c7,Neutral,INDONESIAN,0.9932618969535819,MALAY,0.9865237939071638,2,"driver, karena",True
1860,android,ph,en,451ff78c-96fc-4265-acbd-0fc7d45787d0,2026-04-14T10:20:08.375Z,1,,sampah kali sinyalnya padahal di kota bekasi,raindop bravo,5.405.0,,,https://play.google.com/store/apps/details?id=com.grabtaxi.passenger&reviewId=451ff78c-96fc-4265-acbd-0fc7d45787d0,Negative,INDONESIAN,0.8775133136349971,MALAY,0.7558494018713229,0,,True
1876,android,ph,en,e8bbb494-060c-4dcd-90ac-391511e85936,2026-04-14T05:03:35.768Z,1,,kenapa kalau pesen drivernya gamau nerima mulu ga ramah cuh,Reafika Azkiya,5.404.1,,,https://play.google.com/store/apps/details?id=com.grabtaxi.passenger&reviewId=e8bbb494-060c-4dcd-90ac-391511e85936,Negative,MALAY,0.6907181827077451,INDONESIAN,0.3973693999843647,1,kalau,True
1884,android,ph,en,8943063b-0ed8-43a4-a2a6-fed4916af9af,2026-04-14T03:08:05.221Z,1,,"nunggu driver lama banget, sekali dapat yg jaraknya jauh dr titik jemput",Juroo V,5.405.0,,,https://play.google.com/store/apps/details?id=com.grabtaxi.passenger&reviewId=8943063b-0ed8-43a4-a2a6-fed4916af9af,Negative,INDONESIAN,0.6922398017391942,MALAY,0.3857350945003069,2,"banget, driver",True
1888,android,ph,en,3fae500e-7cf5-4528-8d67-c2a4bd716269,2026-04-14T01:26:41.756Z,1,,"drivernya ga ada attitude semua rata rataa, udh ketemu tapi Meleng aja ga digubris trus abis itu di cancel",Laylatul Muflihah,5.401.0,,,https://play.google.com/store/apps/details?id=com.grabtaxi.passenger&reviewId=3fae500e-7cf5-4528-8d67-c2a4bd716269,Negative,INDONESIAN,0.8120240896871148,MALAY,0.6341301250947656,0,,True
1892,android,ph,en,9173e337-d1bc-48af-8ad9-a3189647a908,2026-04-14T00:37:01.420Z,1,,gak suka banget kalo dikasih driver yang JAUH BANGET harus nunggu lama,lioni fransiska,,,,https://play.google.com/store/apps/details?id=com.grabtaxi.passenger&reviewId=9173e337-d1bc-48af-8ad9-a3189647a908,Negative,INDONESIAN,0.7193043496413556,MALAY,0.45026596350652326,5,"banget, driver, gak, kalo, yang",True
1894,android,ph,en,084be697-ef86-4f3c-bae6-195764b9e032,2026-04-13T23:11:24.507Z,3,,"Aneh ih sistemnya, tolong dong kalo udah bawa 1 penumpang, jangan bawa lagi, mana rutenya bolak balik, kasian drivernya. Sama jangan pilih driver yg jauh jauh dong, aku udah komplen driver is too far masih aja dikasih yang lebih jauh, gajelas.",Putri Zahra Nurintan,5.404.1,,,https://play.google.com/store/apps/details?id=com.grabtaxi.passenger&reviewId=084be697-ef86-4f3c-bae6-195764b9e032,Neutral,INDONESIAN,0.9996191971386339,MALAY,0.9992383942772678,7,"driver, kalo, masih, pilih, tolong, udah, yang",True
1902,android,ph,en,e01f82a4-f2c9-46fd-beb4-cf8c504a835c,2026-04-13T14:16:24.258Z,1,,Saya pesan grab nisan livina q.5 dengan nomor polisi L1636 WV. DRIVER INJ TIDAK SOPAN DAN BERKATA KATA KASAR. ITU TERJADI KETIKA SAYA MENELEPON. DRIVER INI BERKATA EMANG ENAK KALAU DI TELEPON TIDAK DIANGKAT. SETELAH ITU TELEPON SAYA DIMATIKAN DAN PESANAN SAYA DIBATALKAN. TOLING PIHAK GRAB AJARKAN SOPAN SANTUN KEPADA MITRANYA. APA TIDAK PUNYA EMPATI KETIKA PELANGGANNYA SEDANG BERUSAHA TELEPON KARENA SINYAL KURANG LANCAR. TETAPI JAWABAN DRIVER SANGAT TIDAK SOPAN DAN TIDAK MAU BERTANYA BAIK BAIK,Online Omni,,,,https://play.google.com/store/apps/details?id=com.grabtaxi.passenger&reviewId=e01f82a4-f2c9-46fd-beb4-cf8c504a835c,Negative,INDONESIAN,0.9999641138004858,MALAY,0.9999282276009716,8,"dan, dengan, driver, kalau, karena, pesanan, saya, tidak",True
1912,android,ph,en,afa87ef0-730c-4407-9ed3-679e8344ebf7,2026-04-13T11:02:56.362Z,4,,halo. tidak semua pengemudi. terkadang saya mendapatkan pengemudi grabbike yang membatalkan pemesanan saat sudah berada di titik penjemputan. tepat didepan mata saya. pengemudi berlalu sambil mengcancel pesanan. saya tidak masalah pencancelan tapi harusnya di batalkan saat mereka menerima pesanan. bukan sudah sampai tujuan. kan membuang waktu saya menunggu.,Mega Cloudy,5.404.1,,,https://play.google.com/store/apps/details?id=com.grabtaxi.passenger&reviewId=afa87ef0-730c-4407-9ed3-679e8344ebf7,Positive,INDONESIAN,0.9895081590145892,MALAY,0.9790163180291785,5,"pesanan, saya, sudah, tidak, yang",True
1925,android,ph,en,9db1d1d2-d49a-48d1-ab9e-9be718517f33,2026-04-13T07:56:11.677Z,5,,"suka aplikasi grab ni sbb memudahkan saya membuat pesanan makanan tanpa perlu sy keluar, selain dr itu ad perkhidmatan ehailing juga, jdi ketika saya tidak ad kenderaan sy akan order kereta sewa dari grab , harga jugal berbaloi, driver juga baik Dan peramah",dyaaa,5.362.0,,,https://play.google.com/store/apps/details?id=com.grabtaxi.passenger&reviewId=9db1d1d2-d49a-48d1-ab9e-9be718517f33,Positive,MALAY,0.9999999959944534,INDONESIAN,0.9999999919889069,6,"aplikasi, dan, driver, pesanan, saya, tidak",True
1927,android,ph,en,8231242e-bd27-4252-a29c-62e1d0f2e69a,2026-04-13T07:10:22.804Z,5,,pemandu ini baik dan berhemah,Nasarudin Selamat Jb,5.405.0,,,https://play.google.com/store/apps/details?id=com.grabtaxi.passenger&reviewId=8231242e-bd27-4252-a29c-62e1d0f2e69a,Positive,MALAY,0.7198882168369297,INDONESIAN,0.44699951383675074,1,dan,True
1942,android,ph,en,331a5fba-59b2-4d16-80d1-4b5fb02da5ea,2026-04-13T04:30:33.183Z,5,,aplikasi yg sangat bermanfaat,Aryo Yudhanto,5.405.0,,,https://play.google.com/store/apps/details?id=com.grabtaxi.passenger&reviewId=331a5fba-59b2-4d16-80d1-4b5fb02da5ea,Positive,INDONESIAN,0.6820340005799109,MALAY,0.3733391035697357,1,aplikasi,True
1953,android,ph,en,0fc0f169-b435-4883-bac7-f82c34de8e81,2026-04-13T00:50:56.379Z,3,,"Sering kali, driver sangat lama saat membatalkan pesanan, bisa lebih dari 5 menit, padahal saya sedang terburu-buru. Sementara itu, posisi driver juga tidak bergerak sehingga waktu saya terbuang. Selain itu, kenapa pengguna tidak bisa membatalkan pesanan dari aplikasi?. Sebaiknya disediakan opsi cancel dengan berbagai pilihan alasan yang lebih lengkap serta fitur lampiran screenshot dari pengguna sebagai bukti konkret kenapa pengguna ingin cancel. Ini akan sangat membantu saat terjadi masalah.",onixa shafa,,,,https://play.google.com/store/apps/details?id=com.grabtaxi.passenger&reviewId=0fc0f169-b435-4883-bac7-f82c34de8e81,Neutral,INDONESIAN,0.9999998729102254,MALAY,0.9999997458204508,8,"aplikasi, bisa, dengan, driver, pesanan, saya, tidak, yang",True
1955,android,ph,en,1271a4bf-2121-4d9f-b474-bf1ebe6241c0,2026-04-13T00:39:45.155Z,1,,"GRAB SEPERTINYA TIDAK PERNAH TRAINING MITRA TERKAIT ETIKA, HABIS DAFTAR LANGSUNG DISURUH JALAN MESIN DUIT. YANG DRIVER CURHAT LAH, TIDAK RESPON SAAT DIHUBUNGI, TIDAK MAU CANCEL WALAUPUN SDH DI KIRIM PESAN ATAU COBA DITELPON KARENA TIDAK GERAK/DATANG, SELALU NGOBROL PADAHAL PENUMPANG TIDAK MOOD. MAKIN KESINI KALIAN MAKIN PARAH, KALIAN LEBIH COCOKNYA JADI PERUSAHAAN ANGKOT ONLINE.",Van Chromz,5.405.0,,,https://play.google.com/store/apps/details?id=com.grabtaxi.passenger&reviewId=1271a4bf-2121-4d9f-b474-bf1ebe6241c0,Negative,INDONESIAN,0.9999999999999726,MALAY,0.9999999999999452,6,"driver, jadi, karena, makin, tidak, yang",True
1960,android,ph,en,5a21b601-67c4-4301-bdb5-df1be4c2c9d9,2026-04-12T23:25:27.582Z,3,,"opsi goride selalu kurang jelas, setiap kali saya sedang buru-buru ada driver yang dekat malah dicarikan driver yang jauh, sehingga menghabiskan waktu hanya untuk menunggu",M. Arfan,5.401.0,,,https://play.google.com/store/apps/details?id=com.grabtaxi.passenger&reviewId=5a21b601-67c4-4301-bdb5-df1be4c2c9d9,Neutral,INDONESIAN,0.8777204946906537,MALAY,0.7554409893813074,5,"driver, malah, saya, untuk, yang",True
1974,android,ph,en,91b95444-7d80-436a-85f2-ee75631dc7f4,2026-04-12T13:31:18.988Z,1,,"Makin parah, sekarang susah banget dapat driver, apalagi grabfood.",Shinta Pradita,5.405.0,"Mohon maaf ya atas ketidaknyamanan yang terjadi.
Apabila Kakak memiliki kendala saat menggunakan aplikasi Grab atau tidak nyaman dengan pelayanan kami, Kakak bisa memilih keluhan yang sesuai di link berikut ya https://grb.to/consumeridhelpcenter 🙏 Terima kasih",2026-04-12T15:30:26.307Z,https://play.google.com/store/apps/details?id=com.grabtaxi.passenger&reviewId=91b95444-7d80-436a-85f2-ee75631dc7f4,Negative,INDONESIAN,0.8744546931866055,TAGALOG,0.7914963204976716,4,"banget, driver, makin, sekarang",True
1977,android,ph,en,fef0612c-28f1-4e03-a2c1-dc5c13b6c41b,2026-04-12T13:14:55.600Z,3,,"kocak, iya ngasi promo tp driver jd pada gamau ngambil, apa apaan gua nunggu hampir 2 jam 3 jam, mana lagi laper bgt, klo emg bkal susah dpet driver, ga usah promo²an, mana ga bisa di cancel",kisaaabrn,,"Mohon maaf ya atas ketidaknyamanan yang terjadi. Apabila Kakak memiliki kendala saat menggunakan aplikasi Grab atau tidak nyaman dengan pelayanan kami, Kakak bisa memilih keluhan yang sesuai di link berikut ya https://grb.to/consumeridhelpcenter 🙏 Terima kasih",2026-04-12T15:38:14.340Z,https://play.google.com/store/apps/details?id=com.grabtaxi.passenger&reviewId=fef0612c-28f1-4e03-a2c1-dc5c13b6c41b,Neutral,INDONESIAN,0.996400734351989,MALAY,0.9928014764400257,2,"bisa, driver",True
1979,android,ph,en,22f51952-c3bd-4352-8b93-e9026a76cf7c,2026-04-12T13:05:13.858Z,5,,"Grab nên đưa những trạm ngừng xe buýt ở tpHCM vô bản đồ để khách hàng tiện đặt xe. Sắp tới lượng hành khách đi buýt sẽ tăng dần, và nhiều người sẽ dùng Grab để nối tiếp chuyến buýt.",Bội Lê,5.404.1,"Grab chân thành cảm ơn bạn đã sử dụng dịch của Grab cũng như đóng góp ý kiến về ứng dụng, dịch vụ. Nếu bạn cần hỗ trợ thêm thông tin, đừng ngại inbox với Grab qua Fanpage hoặc phản hồi trực tiếp qua tin nhắn này nhé 💚 Chúc bạn một ngày thật nhiều niềm vui ạ 🙆‍♂️.

Suri",2026-04-30T08:49:13.175Z,https://play.google.com/store/apps/details?id=com.grabtaxi.passenger&reviewId=22f51952-c3bd-4352-8b93-e9026a76cf7c,Positive,INDONESIAN,0.8981267455763707,TAGALOG,0.7962534911556195,0,,True
1982,android,ph,en,a9dff5c5-c375-460a-a71c-3db33a447fee,2026-04-12T12:26:13.363Z,5,,sangat praktis dan ekonomis,Dyan Rani Anggraini,5.404.1,,,https://play.google.com/store/apps/details?id=com.grabtaxi.passenger&reviewId=a9dff5c5-c375-460a-a71c-3db33a447fee,Positive,INDONESIAN,0.7303940964484187,MALAY,0.5627544804810984,1,dan,True
1984,android,ph,en,3d7ac3b1-1de9-430e-8774-9092834af918,2026-04-12T12:06:47.694Z,1,,"Barusan order Grab Food dari jam 5an, terus disuruh tunggu sampe skrg jam 7an, akhirnya cancel. Awalnya 6.40, mundur jadi 6.50, mundur lagi 7.10. Iya duit balik lagi, tapi lu tau ga nahan laper dan ngarep makanan dateng setelah 90 menit lebih itu ga enak? Yang jelas lah punya mitra driver atau merchant makanannya. 90 menit lebih, nunggu, cancel. Laper gue gimana? waktu 90 menit gue nunggu hasilnya apa? Kalo akhirnya cancel, kira kira sama waktu yg dikasih dong. Ga perlu sampe 90 menit lebih.",haruto tsalats,,"Mohon maaf ya atas ketidaknyamanan yang terjadi. Apabila Kakak memiliki kendala saat menggunakan aplikasi Grab atau tidak nyaman dengan pelayanan kami, Kakak bisa memilih keluhan yang sesuai di link berikut ya https://grb.to/consumeridhelpcenter 🙏 Terima kasih",2026-04-12T15:39:01.196Z,https://play.google.com/store/apps/details?id=com.grabtaxi.passenger&reviewId=3d7ac3b1-1de9-430e-8774-9092834af918,Negative,INDONESIAN,0.9999824889637194,MALAY,0.9999649779274389,5,"dan, driver, jadi, kalo, yang",True
1999,android,ph,en,df622f58-c411-483a-902c-38387f55933c,2026-04-12T07:49:05.677Z,1,,TERBURUK!Dear Konsumen Grab mohon maaf kami driver sudah sangat Penat dan Terhimpit. TARIF MURAH YANG KALIAN DAPATKAN adalah KERUGIAN kami para driver. sewa mobil 200rb/ hari belum bensin dengan jam kerja 10-12jam jarak bisa 100km & bensin 100rb potongan aplikasi kalo HEMAT 20% kalo Normat kadang sampai 35% Fair atau JAHAT sih??? dari titik awal ke jemput TIDAK dihitung dari tujuan kembali ke titik keramaian TIDAK dihitung. grab tobat yaa - kalian juga karyawan kok masa ga bisa merasakan Zolim?,Ennie Suratmi,,,,https://play.google.com/store/apps/details?id=com.grabtaxi.passenger&reviewId=df622f58-c411-483a-902c-38387f55933c,Negative,INDONESIAN,0.9761784965418158,MALAY,0.9523569930836315,11,"aplikasi, belum, bisa, dan, dengan, driver, kalo, sudah, tarif, tidak, yang",True
2029,android,ph,en,3183bad1-b9be-484e-b02e-458092636d55,2026-04-11T13:44:21.590Z,1,,Tolong di cek sistem gps nya fee pengiriman jd lbh besar karna rutenya muter2 jd terlihat jauh padahal jarak pengirimannya dekat,achmad sabarta,5.404.1,,,https://play.google.com/store/apps/details?id=com.grabtaxi.passenger&reviewId=3183bad1-b9be-484e-b02e-458092636d55,Negative,INDONESIAN,0.7851227632984467,MALAY,0.5706041781489793,1,tolong,True
2044,android,ph,en,8e5573df-c2f7-48fe-a5a3-69828387b7b0,2026-04-11T10:50:05.620Z,1,,"saya berkali kali pesan sangat susah, nunggu hampir satu jam, driver di chat di telfon ga respon, tau tau di cancel, bahkan sering tiba tiba ga bisa pesan. padahal tidak ada kendala signal. halo please improve!! padahal lokasi di jakarta.",Agung Kurniawan,5.404.1,,,https://play.google.com/store/apps/details?id=com.grabtaxi.passenger&reviewId=8e5573df-c2f7-48fe-a5a3-69828387b7b0,Negative,INDONESIAN,0.9999999061917221,MALAY,0.999999812383466,4,"bisa, driver, saya, tidak",True
2054,android,ph,en,bc30115e-6892-4b46-861f-dbe7fd4ba048,2026-04-11T08:49:34.382Z,1,,banyak driver yg pilih2 dan cancel pesanan,Farhan Nadivan Kamal,,,,https://play.google.com/store/apps/details?id=com.grabtaxi.passenger&reviewId=bc30115e-6892-4b46-861f-dbe7fd4ba048,Negative,MALAY,0.47754665326402335,INDONESIAN,0.014388586286015859,4,"dan, driver, pesanan, pilih",True
2082,android,ph,en,3950dc3a-5e92-499b-a169-4398931fab9f,2026-04-10T18:28:58.772Z,1,,"Grab plus (mobil listrik) yang ada logonya grab car kata driver gak boleh masuk gang. Padahal gangnya bisa 2 mobil meski harus pelan. Bingung mau kasih bintang 1 atau 5. 1 kasihan driver, 5 tapi jelek. Dari stasiun Pasar senen jam 1:27 - sampai 2:03. Jemputnya rewel minta didepan gak sesuai titik, pulangnya bikin tidak nyaman. Bawa anak kecil harus jalan kaki puluhan/ratusan meter. 🙂 Aneh betul. A-9**3**9GX***AV",DICKY IBROHIM,5.404.1,,,https://play.google.com/store/apps/details?id=com.grabtaxi.passenger&reviewId=3950dc3a-5e92-499b-a169-4398931fab9f,Negative,INDONESIAN,0.9999997941105037,MALAY,0.9999995882210073,7,"bisa, driver, gak, jelek, sesuai, tidak, yang",True
2090,android,ph,en,dc480b04-12de-4848-a125-e3070d014e6d,2026-04-10T15:04:18.649Z,1,,"Sama aja nih kek aplikasi sebelah, seenak jidat. Gw mesti nunggu 1 jam 30+ menit buat makanan gw sampe? Ini gw reservasi dulu kah?",Hamzah M. Suryansyah,5.403.0,,,https://play.google.com/store/apps/details?id=com.grabtaxi.passenger&reviewId=dc480b04-12de-4848-a125-e3070d014e6d,Negative,INDONESIAN,0.7436969759332549,MALAY,0.49124506015910147,1,aplikasi,True
2096,android,ph,en,b2f02bcc-8de8-4e33-aa70-67613d2232fd,2026-04-10T13:42:49.454Z,1,,pas mau buka aplikasi loadingnya lamaaa banget ya ampun tolong diperbaiki,William,5.403.0,,,https://play.google.com/store/apps/details?id=com.grabtaxi.passenger&reviewId=b2f02bcc-8de8-4e33-aa70-67613d2232fd,Negative,INDONESIAN,0.6897515847834069,MALAY,0.38393185774043054,3,"aplikasi, banget, tolong",True
2099,android,ph,en,6417d9e6-4aca-41d0-b73a-0cc22d99b87f,2026-04-10T13:17:12.140Z,1,,"apaan estimasi 30 mnt udh lewat 30 menit, estimasi berubah, gw mau makan woy, percuma ada opsi pengiriman standar dll. kalo ujung"" nya molor juga.",Firmansyah,5.404.1,,,https://play.google.com/store/apps/details?id=com.grabtaxi.passenger&reviewId=6417d9e6-4aca-41d0-b73a-0cc22d99b87f,Negative,INDONESIAN,0.8470755462111548,MALAY,0.6955874770420372,1,kalo,True
2106,android,ph,en,e1e849f7-9ff4-4aba-94a1-5938267e481c,2026-04-10T11:24:22.658Z,5,,I'm very easy to bepergian dan membeli makanan,Rizki Alya,5.404.1,,,https://play.google.com/store/apps/details?id=com.grabtaxi.passenger&reviewId=e1e849f7-9ff4-4aba-94a1-5938267e481c,Positive,INDONESIAN,0.7708215791597376,MALAY,0.6110310340849285,1,dan,True
2146,android,ph,en,49a4e0ad-db8d-4861-b2e4-44b0453a2f1b,2026-04-10T02:26:49.986Z,5,,memudahkan saya pergi ke mana sahaja,Ouyang Yong,5.402.0,,,https://play.google.com/store/apps/details?id=com.grabtaxi.passenger&reviewId=49a4e0ad-db8d-4861-b2e4-44b0453a2f1b,Positive,MALAY,0.7219210990031897,INDONESIAN,0.44407125691746613,1,saya,True
2167,android,ph,en,9b774354-66a4-45d2-99c5-35c23021b3fc,2026-04-09T13:21:33.455Z,5,,"beda sama aplikasi ijo sebelah, yang ini lebih bagus lebih customer-friendly baik dari tim Grab dan mitra drivernya 👍",Ivan Budiman,5.404.1,,,https://play.google.com/store/apps/details?id=com.grabtaxi.passenger&reviewId=9b774354-66a4-45d2-99c5-35c23021b3fc,Positive,INDONESIAN,0.7959832970183437,TAGALOG,0.6875943596837372,3,"aplikasi, dan, yang",True
2190,android,ph,en,526e090d-e6e5-4576-926a-8a4276d56c13,2026-04-09T08:43:29.402Z,1,,"SUDAH MENUNGGU DRIVER BEGITU LAMA, DRIVER BISA CANCEL DAN OPER SAYA KE DRIVER LAIN, SAAT SAYA MAU CANCEL DRIVER BEGITU LAMA TETAPI TIDAK BISA, YANG ADIL LAH !",Vincent Surya,5.402.0,,,https://play.google.com/store/apps/details?id=com.grabtaxi.passenger&reviewId=526e090d-e6e5-4576-926a-8a4276d56c13,Negative,INDONESIAN,0.9999473491569545,MALAY,0.9998946983139089,7,"bisa, dan, driver, saya, sudah, tidak, yang",True
2196,android,ph,en,70b8399a-b0df-4891-ab5c-111971b5512e,2026-04-09T07:26:51.320Z,1,,Lho kok dihapus komentar saya? Betul berarti ya cara scam minuman gratis lewat aplikasi ini ? 😂😂😂😂😂,Adrian Jayadiputra,,,,https://play.google.com/store/apps/details?id=com.grabtaxi.passenger&reviewId=70b8399a-b0df-4891-ab5c-111971b5512e,Negative,INDONESIAN,0.913871530970631,MALAY,0.8390033729940688,2,"aplikasi, saya",True
2231,android,ph,en,343a3039-7fb5-46c1-91f7-49deaeeeb881,2026-04-08T11:25:51.217Z,1,,"bad experience, banyak kali saya kena dengan grab ni, dapat driver tunggu 10 minit cancel or finding new driver, once you accept customers just accept la. Bukan sekali saya kena every time I use grab kena macam ni, if tempat tu senang dapat driver takpe la, saya tunggu lama. Deserve 1 star, please improve your driver.",adriana mohamad,5.404.1,,,https://play.google.com/store/apps/details?id=com.grabtaxi.passenger&reviewId=343a3039-7fb5-46c1-91f7-49deaeeeb881,Negative,TAGALOG,0.9431992307790975,INDONESIAN,0.8863984763808886,3,"dengan, driver, saya",True
2239,android,ph,en,e550d6b5-3a0d-4da9-835c-c1528c900177,2026-04-08T10:41:43.284Z,1,,"kok ongkos grabbike farebid padang sehari naik, sehari turun, itu gimana ceritanya paman? kalau naik, naik aja paman gak usah turun. jadi bisa saya pindah ke aplikasi lain dan uninstall grab.",Arief Rahmat Saputra,5.404.1,,,https://play.google.com/store/apps/details?id=com.grabtaxi.passenger&reviewId=e550d6b5-3a0d-4da9-835c-c1528c900177,Negative,INDONESIAN,0.9808388149111271,MALAY,0.9616776298222556,7,"aplikasi, bisa, dan, gak, jadi, kalau, saya",True
2244,android,ph,en,6357f3e2-0b3e-43b5-bb55-8b267d975990,2026-04-08T08:44:34.407Z,2,,"Tolong edukasi driver2nya yg buang2 waktu fikir order fiktif,beri tanda atau apapun agar setiap akun terlihat bukan seperti yg fake",Fadel A Rahman,5.403.0,,,https://play.google.com/store/apps/details?id=com.grabtaxi.passenger&reviewId=6357f3e2-0b3e-43b5-bb55-8b267d975990,Negative,INDONESIAN,0.7902755787669169,MALAY,0.5816998628734802,2,"driver, tolong",True
2247,android,ph,en,f65784ae-3b47-4aa1-9fe8-4a5ab92ebd62,2026-04-08T08:17:19.161Z,1,,"saya pesen pagi untuk berangkat kerja aja susah padahal pesen mobil juga biar ga kehujanan. pelayanan publik kok kaya gini, makin lemot ya sekarang aplikasi nya",Rafata Altaf,,"Halo Kak. Maaf ya buat enggak nyaman 🙇‍♀️
Apabila Kakak menemukan kendala pada penggunaan aplikasi Grab Penumpang maka silakan laporkan melalui link https://grb.to/consumeridhelpcenter agar bisa ditindaklanjuti ya.Terima kasih 🙏",2025-11-11T00:15:11.380Z,https://play.google.com/store/apps/details?id=com.grabtaxi.passenger&reviewId=f65784ae-3b47-4aa1-9fe8-4a5ab92ebd62,Negative,INDONESIAN,0.9975207717848635,MALAY,0.9950415435697272,5,"aplikasi, makin, saya, sekarang, untuk",True
2282,android,ph,en,be78369e-6306-451d-b0d7-214e8df304c9,2026-04-07T14:16:57.257Z,1,,sangat sulit dpt bantuan dari support. dan depat hanya chatbot . nambah berikan salah informasi. katanya sopir sudah dpt. padahal tidak ada. makin hari makin muak sama raid apps.,R s,5.404.1,,,https://play.google.com/store/apps/details?id=com.grabtaxi.passenger&reviewId=be78369e-6306-451d-b0d7-214e8df304c9,Negative,INDONESIAN,0.9990575902665175,MALAY,0.9981151805330356,4,"dan, makin, sudah, tidak",True
2284,android,ph,en,9de44b23-083f-4195-86ed-e1374a4c600b,2026-04-07T13:05:56.571Z,1,,opsi reguler sm hemat ternyata sama saja lamanya! tau gini pake hemat aja sekalian..,Adityo Nugroho,5.404.1,,,https://play.google.com/store/apps/details?id=com.grabtaxi.passenger&reviewId=9de44b23-083f-4195-86ed-e1374a4c600b,Negative,INDONESIAN,0.8593299371915387,MALAY,0.7212102532745471,1,pake,True
2292,android,ph,en,de8b1b50-9e61-4919-8c6e-9ab38363f565,2026-04-07T11:09:32.543Z,5,,Service pengantaran tip top...food nya teruk..tdk berbaloi dgn harga nya mcm kita kambing .. indah gambar dr rasa..my first time n last time beli di Subway...😑,Mariani Manan,5.404.1,,,https://play.google.com/store/apps/details?id=com.grabtaxi.passenger&reviewId=de8b1b50-9e61-4919-8c6e-9ab38363f565,Positive,INDONESIAN,0.9747328749620429,TAGALOG,0.9522611598419959,0,,True
2295,android,ph,en,b0c3c1e3-5817-4c32-bec0-a4b099258dd9,2026-04-07T10:26:46.964Z,1,,"JANGAN PAKE AI, GA MODAL BANGET",Getsantia Aura,5.404.1,,,https://play.google.com/store/apps/details?id=com.grabtaxi.passenger&reviewId=b0c3c1e3-5817-4c32-bec0-a4b099258dd9,Negative,INDONESIAN,0.6644314506002482,MALAY,0.39496096241145195,2,"banget, pake",True
2300,android,ph,en,0f80bcd8-e3a4-4a71-9948-6256577d9b74,2026-04-07T09:01:41.700Z,1,,"Saya pesan GrabBike XL karena bawa barang besar, tapi driver datang dengan motor kecil (Jupiter) dan tidak sesuai untuk layanan XL. Driver juga baru memberi tahu saat hampir sampai. Ini sangat tidak sesuai dengan layanan yang saya pesan dan cukup merugikan.",alia akabane,5.404.1,,,https://play.google.com/store/apps/details?id=com.grabtaxi.passenger&reviewId=0f80bcd8-e3a4-4a71-9948-6256577d9b74,Negative,INDONESIAN,0.9997806941540637,MALAY,0.9995613883081272,9,"dan, dengan, driver, karena, saya, sesuai, tidak, untuk, yang",True
2302,android,ph,en,ad73a19a-79d4-4d72-a08b-f0a350d2d062,2026-04-07T08:20:52.979Z,1,,datang lama banget Dan gak nyaman,Bagus Himawasto,5.403.0,,,https://play.google.com/store/apps/details?id=com.grabtaxi.passenger&reviewId=ad73a19a-79d4-4d72-a08b-f0a350d2d062,Negative,INDONESIAN,0.732899314382972,MALAY,0.5265117721714169,3,"banget, dan, gak",True
2322,android,ph,en,81276ea4-cf62-48cb-b1dd-44ae898b413d,2026-04-07T03:54:42.807Z,3,,"Kenapa sih nggak ada tombol cancel untuk user? saya sering disuruh cancel sama driver entah karena jarak dia jauh atau merchant tutup, tapikan user nggak bisa. Malah saya yang diteror nyuruh segera cancel. Berasa hopeless",Maze,5.404.1,,,https://play.google.com/store/apps/details?id=com.grabtaxi.passenger&reviewId=81276ea4-cf62-48cb-b1dd-44ae898b413d,Neutral,INDONESIAN,0.9994670012085859,MALAY,0.9989340024171737,8,"bisa, driver, karena, malah, nggak, saya, untuk, yang",True
2330,android,ph,en,62162614-b178-4e72-80aa-94b56ee193df,2026-04-06T22:39:43.747Z,3,,"sering error, sudah dapat driver tp masih searching. map tidak gerak driver sudah sampai banyak bug nya. team IT betulin dong",Pupu,,,,https://play.google.com/store/apps/details?id=com.grabtaxi.passenger&reviewId=62162614-b178-4e72-80aa-94b56ee193df,Neutral,INDONESIAN,0.5933804765159328,MALAY,0.1971967621692905,4,"driver, masih, sudah, tidak",True
2345,android,ph,en,7e9b1f85-64f0-490a-b7dd-ae62854985db,2026-04-06T12:42:00.350Z,1,,app gak jelas susah banget dapet driver,Amii,5.403.0,,,https://play.google.com/store/apps/details?id=com.grabtaxi.passenger&reviewId=7e9b1f85-64f0-490a-b7dd-ae62854985db,Negative,INDONESIAN,0.6441415498560654,MALAY,0.4424189423967616,3,"banget, driver, gak",True
2371,android,ph,en,1c9d9ec0-4d16-49f4-a27a-7abdb5bd3757,2026-04-06T05:50:54.173Z,1,,"Sekarang setiap buka app grab selalu minta verify OVO, sangat mengganggu!",Harveno Made,5.403.0,,,https://play.google.com/store/apps/details?id=com.grabtaxi.passenger&reviewId=1c9d9ec0-4d16-49f4-a27a-7abdb5bd3757,Negative,INDONESIAN,0.6781570490062896,MALAY,0.35997056238763836,1,sekarang,True
2384,android,ph,en,eb99ee4e-fe29-4f21-8de4-17a7ef695d87,2026-04-05T23:58:20.582Z,1,,"Pesanan masuk ke resto ataupun ke apotek tujuan SANGAT LAMBAT. MENDING PAKE APLIKASI SEBELAH, ANCURIN AJA NI APLIKASI",Rara Nabila Az Zahra,5.403.0,,,https://play.google.com/store/apps/details?id=com.grabtaxi.passenger&reviewId=eb99ee4e-fe29-4f21-8de4-17a7ef695d87,Negative,INDONESIAN,0.6027000518040353,MALAY,0.2056329828606004,3,"aplikasi, pake, pesanan",True
2386,android,ph,en,e7dc6aba-c808-402e-934f-9d73e0d09419,2026-04-05T23:52:48.910Z,1,,"selalu jauh kalau ngasih driver, pdhl yg dket banyak, no respect",Jesse LHS,5.403.0,,,https://play.google.com/store/apps/details?id=com.grabtaxi.passenger&reviewId=e7dc6aba-c808-402e-934f-9d73e0d09419,Negative,INDONESIAN,0.72695560333113,MALAY,0.4890645040103925,2,"driver, kalau",True
2389,android,ph,en,42359f38-8829-4549-a889-6693da2e9215,2026-04-05T22:09:30.491Z,1,,suka sengaja meng cancel orderan (bukan dr driver krn sudah tektokan dan driver mau ngambil pesanan) dengan dalih menaikkan harga/ongkos nya. curang banget,Aziz FG,5.403.0,,,https://play.google.com/store/apps/details?id=com.grabtaxi.passenger&reviewId=42359f38-8829-4549-a889-6693da2e9215,Negative,MALAY,0.9807491476775243,INDONESIAN,0.9614982953550487,7,"banget, dan, dengan, driver, krn, pesanan, sudah",True
2401,android,ph,en,ca207b30-a9cd-4419-b93c-e18396ec5261,2026-04-05T14:37:06.630Z,1,,tidak bisa pake jastip dan bayar jastip nya pun gabisa pake ovo dan cash gatau kenapa.,Siti Maryam,5.403.0,,,https://play.google.com/store/apps/details?id=com.grabtaxi.passenger&reviewId=ca207b30-a9cd-4419-b93c-e18396ec5261,Negative,INDONESIAN,0.5129653757966701,MALAY,0.06379746171069905,4,"bisa, dan, pake, tidak",True
2403,android,ph,en,ba41ceaf-cfc3-4146-b415-75e681c6eca1,2026-04-05T14:22:02.113Z,1,,"entah skarang jadi susah banget mesen ojol. entah kejauhan, dicancel mulu, atau ga di pickup. kacau dah apps nya skarang",hendra susanto,5.403.0,,,https://play.google.com/store/apps/details?id=com.grabtaxi.passenger&reviewId=ba41ceaf-cfc3-4146-b415-75e681c6eca1,Negative,INDONESIAN,0.7791235291339434,MALAY,0.5796069608051427,2,"banget, jadi",True
2404,android,ph,en,44935282-4692-4f5d-bf4b-e9c241495f08,2026-04-05T14:00:49.646Z,1,,"sulitnya mendapatkan driver saat hujan, kalau malam sih wajar tapi kalau ufah mengulang 5x tidak ada pick up driver ini keterlaluan.",Yohan Storehouses,,"Mohon maaf ya atas ketidaknyamanan yang terjadi.
Apabila Kakak memiliki kendala saat menggunakan aplikasi Grab atau tidak nyaman dengan pelayanan kami, Kakak bisa memilih keluhan yang sesuai di link berikut ya https://grb.to/consumeridhelpcenter 🙏 Terima kasih",2026-04-05T14:16:50.933Z,https://play.google.com/store/apps/details?id=com.grabtaxi.passenger&reviewId=44935282-4692-4f5d-bf4b-e9c241495f08,Negative,INDONESIAN,0.5328956355784823,MALAY,0.06583700595823322,3,"driver, kalau, tidak",True
2408,android,ph,en,b6d585a5-5b57-4155-96ed-b8d65bea3e17,2026-04-05T13:06:49.220Z,1,,Grabcarnya sampah,Petrus,5.403.0,"Mohon maaf ya atas ketidaknyamanan yang terjadi.
Apabila Kakak memiliki kendala saat menggunakan aplikasi Grab atau tidak nyaman dengan pelayanan kami, Kakak bisa memilih keluhan yang sesuai di link berikut ya https://grb.to/consumeridhelpcenter 🙏 Terima kasih",2026-04-05T14:17:20.406Z,https://play.google.com/store/apps/details?id=com.grabtaxi.passenger&reviewId=b6d585a5-5b57-4155-96ed-b8d65bea3e17,Negative,MALAY,0.7227005157294913,INDONESIAN,0.462094070521068,0,,True
2410,android,ph,en,1fd6a3b5-ec47-4f34-85c6-094087c1a0d6,2026-04-05T12:32:28.430Z,1,,tarif murah jadi customer yg susah dapet driver!! gimana kalo buru²!!,Rizky Anugerah,5.403.0,"Mohon maaf ya atas ketidaknyamanan yang terjadi.
Apabila Kakak memiliki kendala saat menggunakan aplikasi Grab atau tidak nyaman dengan pelayanan kami, Kakak bisa memilih keluhan yang sesuai di link berikut ya https://grb.to/consumeridhelpcenter 🙏 Terima kasih",2026-04-05T14:17:42.977Z,https://play.google.com/store/apps/details?id=com.grabtaxi.passenger&reviewId=1fd6a3b5-ec47-4f34-85c6-094087c1a0d6,Negative,INDONESIAN,0.6250976482042169,MALAY,0.4321119665961282,4,"driver, jadi, kalo, tarif",True
2433,android,ph,en,ae796649-4562-4cdc-95dd-6d577ebcc0ce,2026-04-05T06:34:03.400Z,1,,"update aneh. UX food gajelas. cari makanan. keluar list opsi. pas klik salah satu hanya buka menunya bukan buka tokonya. normalnya, orang buka salah satu opsi mau lihat MENU YANG ADA DI TOKO TERSEBUT. ini malah dikasi rekomendasi MAKANAN DARI TOKO LAIN. stop spamming ads on my face.",helmi helmawan,5.403.0,"Mohon maaf ya atas ketidaknyamanan yang terjadi.
Apabila Kakak memiliki kendala saat menggunakan aplikasi Grab atau tidak nyaman dengan pelayanan kami, Kakak bisa memilih keluhan yang sesuai di link berikut ya https://grb.to/consumeridhelpcenter 🙏 Terima kasih",2026-04-05T14:29:37.791Z,https://play.google.com/store/apps/details?id=com.grabtaxi.passenger&reviewId=ae796649-4562-4cdc-95dd-6d577ebcc0ce,Negative,INDONESIAN,0.9999831926972863,MALAY,0.9999663853945726,2,"malah, yang",True
2448,android,ph,en,6e4af1b4-6389-4c67-b3a2-7e61f5b7b1e2,2026-04-05T03:15:39.209Z,1,,LAMAAAAAA NUNGGU SAMPE SEJAMMM,alissya humairah,5.403.0,"Mohon maaf ya atas ketidaknyamanan yang terjadi.
Apabila Kakak memiliki kendala saat menggunakan aplikasi Grab atau tidak nyaman dengan pelayanan kami, Kakak bisa memilih keluhan yang sesuai di link berikut ya https://grb.to/consumeridhelpcenter 🙏 Terima kasih",2026-04-05T14:30:06.778Z,https://play.google.com/store/apps/details?id=com.grabtaxi.passenger&reviewId=6e4af1b4-6389-4c67-b3a2-7e61f5b7b1e2,Negative,INDONESIAN,0.7521608722697503,MALAY,0.543009059986518,0,,True
2463,android,ph,en,0869ab76-44b9-44e9-83ab-48797c22dfc7,2026-04-04T20:20:39.191Z,1,,apps ga jelas mau bayar pake superbank udh isi tp saldo ga update,El,5.403.0,,,https://play.google.com/store/apps/details?id=com.grabtaxi.passenger&reviewId=0869ab76-44b9-44e9-83ab-48797c22dfc7,Negative,INDONESIAN,0.6896685970480673,MALAY,0.564314992913785,1,pake,True
2468,android,ph,en,45abaec8-911d-4fa7-aea0-3087da706826,2026-04-04T17:47:42.102Z,1,,"Sangat tidak direkomendasikan bayar pakai kartu di Grab! Saya pesan GrabFood pakai Mastercard, ternyata merchant-nya tutup. Pesanan memang dibatalkan otomatis, TAPI DANA SAYA TIDAK LANGSUNG KEMBALI. Uang saya masih ""ditahan"" oleh Grab. Harusnya kalau merchant yang tutup, sistem bisa langsung membatalkan transaksi dan mengembalikan dana saat itu juga. Proses refund yang lambat ini sangat merugikan konsumen. Bikin kapok bayar non-tunai. dan saat ini terjadi lagi seperti ini 2 April 2026",hanung nugroho,5.403.0,"Halo Kak. Maaf ya buat enggak nyaman 🙇‍♀️
Apabila Kakak menemukan kendala pada penggunaan aplikasi Grab Penumpang maka silakan laporkan melalui link https://grb.to/consumeridhelpcenter agar bisa ditindaklanjuti ya.Terima kasih 🙏
",2025-10-11T07:15:54.957Z,https://play.google.com/store/apps/details?id=com.grabtaxi.passenger&reviewId=45abaec8-911d-4fa7-aea0-3087da706826,Negative,INDONESIAN,0.999999999999702,MALAY,0.9999999999994041,9,"bisa, dan, kalau, masih, pesanan, saya, tidak, uang, yang",True
2477,android,ph,en,073f0e47-7922-42ea-96a8-73d6492231f7,2026-04-04T14:08:07.123Z,1,,"App paling t4i. Pesan makanan otomatis dibagi jd 2 driver. Kalau 1 driver kejauhan selalu cancel. Merchant ga mau cancel, driver yg 1 ga mau cancel. Orderan gantung terus. Moga² cepet bangkrut!!!",Kobo Chan,,,,https://play.google.com/store/apps/details?id=com.grabtaxi.passenger&reviewId=073f0e47-7922-42ea-96a8-73d6492231f7,Negative,INDONESIAN,0.9996518547131548,MALAY,0.9993037094361314,2,"driver, kalau",True
2488,android,ph,en,607413c3-1032-4466-869a-b8c8f6f7f3cf,2026-04-04T11:23:50.940Z,1,,sampah. order nunggu berjam-jam malah di-cancel. perbaiki optimasi ordernya,Habiqi,5.324.0,,,https://play.google.com/store/apps/details?id=com.grabtaxi.passenger&reviewId=607413c3-1032-4466-869a-b8c8f6f7f3cf,Negative,INDONESIAN,0.7175271824958518,MALAY,0.43743242766481943,1,malah,True
2489,android,ph,en,ee193ad6-ee76-4245-8782-bfc1d264a419,2026-04-04T11:23:06.498Z,1,,"potongan aplikasi makin lama makin besar jadi kualitas driver di sini kakin lama makin buruk, pesan makanan tidak ada yang pickup, customer service juga cukup buruk karena anda hanya akan diputar putar oleh sistem/AI dan jarang akan terhubung dengan customer service sungguhan untuk mengatasi kendala atau driver yang menipu",Kitten Mimi,,,,https://play.google.com/store/apps/details?id=com.grabtaxi.passenger&reviewId=ee193ad6-ee76-4245-8782-bfc1d264a419,Negative,INDONESIAN,0.9916038794748603,MALAY,0.9832077589497205,10,"aplikasi, dan, dengan, driver, jadi, karena, makin, tidak, untuk, yang",True
2496,android,ph,en,40df1560-c7aa-4256-af6d-f9671ee2624f,2026-04-04T10:12:34.602Z,1,,"grab lg error ya? ya masa 3x order grab food, delay terus, dr sisi merchant sdh siap, tp ketika pesanan sdh ready malah dpt divernya yg posisinya jauh dr merchant, akhirnya jd pd bete krn nunggu lama & pesanan datang sdh dlm keadaan dingin, pdhal sdh pilih prioritas... konsumen ga mgkn kasih nilai jelek ke merchant & driver, krn sama saja mengurangi rezeki mereka... agar diperbaiki pencarian driver terdekat dr merchant... udah bayar mahal eh dpt zonk...",Ilham Irhamsyah,5.403.0,,,https://play.google.com/store/apps/details?id=com.grabtaxi.passenger&reviewId=40df1560-c7aa-4256-af6d-f9671ee2624f,Negative,INDONESIAN,0.9999226696036233,MALAY,0.9998453392072466,7,"driver, jelek, krn, malah, pesanan, pilih, udah",True
2502,android,ph,en,e2a59637-1f11-41d9-8b3f-fed6df3b6041,2026-04-04T09:01:20.896Z,3,,"pas mau pake lgi buru² minta update, malesin banget. update boleh, tapi jangan maksa sampe gk bisa dopake kalo gak diturutin",sambas suryadi (sambis),5.403.0,,,https://play.google.com/store/apps/details?id=com.grabtaxi.passenger&reviewId=e2a59637-1f11-41d9-8b3f-fed6df3b6041,Neutral,INDONESIAN,0.8562900396204682,MALAY,0.7185708159341522,5,"banget, bisa, gak, kalo, pake",True
2506,android,ph,en,c7ef6e8e-e5b6-42c2-8ee6-ca0a0efb3c03,2026-04-04T07:59:19.138Z,1,,"udah sekitar 1 bulan ini, dapet driver hampir selalu jauh, udah vip masih ada opsi priority booking dan berbayar. maksudnya apa???",Niko,5.403.0,,,https://play.google.com/store/apps/details?id=com.grabtaxi.passenger&reviewId=c7ef6e8e-e5b6-42c2-8ee6-ca0a0efb3c03,Negative,INDONESIAN,0.863048025050981,MALAY,0.7264409898945375,4,"dan, driver, masih, udah",True
2515,android,ph,en,34f6adf2-1f1c-4164-af51-54f34d25014b,2026-04-04T05:39:01.672Z,5,,"sangat membantu, terimakasih. sukses terus💚💚💚",Dinaa Almaghfira,5.394.0,,,https://play.google.com/store/apps/details?id=com.grabtaxi.passenger&reviewId=34f6adf2-1f1c-4164-af51-54f34d25014b,Positive,INDONESIAN,0.8393862788153005,MALAY,0.6789840519072405,0,,True
2536,android,ph,en,63660877-5398-46f8-b15e-119bd96fdf67,2026-04-03T22:08:07.894Z,1,,"- CS Grab susah untuk di akses selain call center. Tolong sediakan CS by chat di aplikasi grab. - Pesan grabfood estimasi sampai sekitar 2 jam udah stress nih aplikasi. Gabisa di cancel juga maksudnya gimana ya? Tolong kalau estimasi pengantaran sudah lebih dari waktu, sediakan opsi cancel dari customer. Tadi setelah saya hubungi CS ternyata makanan juga belum di prepare dari resto padahal sudah nunggu 1,5 jam. Makin buruk aja pelayanan grab",Yuliana Dinda,5.403.0,,,https://play.google.com/store/apps/details?id=com.grabtaxi.passenger&reviewId=63660877-5398-46f8-b15e-119bd96fdf67,Negative,INDONESIAN,0.999999999742458,MALAY,0.999999999484916,9,"aplikasi, belum, kalau, makin, saya, sudah, tolong, udah, untuk",True
2560,android,ph,en,52ba16bc-6ece-45b6-9e2c-bbb6869b5d13,2026-04-03T10:05:48.520Z,1,,Sering dapet driver yang lebih dekat dengan tempat tujuan daripada titik penjemputan,Ulin Nihayah,5.399.0,,,https://play.google.com/store/apps/details?id=com.grabtaxi.passenger&reviewId=52ba16bc-6ece-45b6-9e2c-bbb6869b5d13,Negative,MALAY,0.6502532621657428,INDONESIAN,0.3006462783981049,3,"dengan, driver, yang",True
2588,android,ph,en,93c00c14-7ec0-4c9d-8735-a1eac907ceef,2026-04-03T03:49:52.206Z,1,,Tidak rekomendasi untuk menggunakan Aplikasi ini. Drivernya kacau semua lulusan preman semua tanpa di review oleh pihak Grab. Lebih baik menggunakan aplikasi Lain yang lebih aman,Febrina jati,5.403.0,,,https://play.google.com/store/apps/details?id=com.grabtaxi.passenger&reviewId=93c00c14-7ec0-4c9d-8735-a1eac907ceef,Negative,MALAY,0.790957778003846,INDONESIAN,0.5819155560076921,4,"aplikasi, tidak, untuk, yang",True
2597,android,ph,en,f85f730b-d6a3-4b65-9161-c8846c0f54ad,2026-04-02T23:27:14.617Z,2,,"ngeleg anat, padahal jaungan bagus, Sering ngelag waktu buka, ga jelas",Misael Simorangkir,5.403.0,,,https://play.google.com/store/apps/details?id=com.grabtaxi.passenger&reviewId=f85f730b-d6a3-4b65-9161-c8846c0f54ad,Negative,INDONESIAN,0.6833340837840172,MALAY,0.40653213010891187,0,,True
2610,android,ph,en,1983b5f8-df3a-4aa6-a8b1-ade9b683877c,2026-04-02T14:47:48.184Z,1,,"setelah menunggu orderan 1.5 jam, ternyata dicancel donk..pelayanan yang sangat buruk, kalau mau cancel ya infoin sejak 5 menit pertama..giliran pesan pakai gofxxd, makanan datang dalam waktu 16 menit..silahkan dinilai sendiri..",Oktaviasari WE,5.403.0,,,https://play.google.com/store/apps/details?id=com.grabtaxi.passenger&reviewId=1983b5f8-df3a-4aa6-a8b1-ade9b683877c,Negative,INDONESIAN,0.9999626632788017,MALAY,0.9999253265576034,2,"kalau, yang",True
2612,android,ph,en,39aa4273-def8-4597-a089-f2d050b8e9ac,2026-04-02T14:23:42.484Z,1,,"Masa iya gak bisa cancel orderan grabfood, nunggu lama banget mana laper, gak bisa cancel pula 👎",Listia Muji Rahayu,5.403.0,,,https://play.google.com/store/apps/details?id=com.grabtaxi.passenger&reviewId=39aa4273-def8-4597-a089-f2d050b8e9ac,Negative,INDONESIAN,0.8309135280640318,TAGALOG,0.7085060865495584,3,"banget, bisa, gak",True
2619,android,ph,en,8cebf6e6-b44a-4d13-8814-efe121b1cde8,2026-04-02T13:25:55.194Z,2,,"Kalau hujan, aplikasi jadi be*o. Dapat driver nya yang jauh2. Tolong diperbaiki algoritma nya dong.",benyamin samson,5.256.0,,,https://play.google.com/store/apps/details?id=com.grabtaxi.passenger&reviewId=8cebf6e6-b44a-4d13-8814-efe121b1cde8,Negative,INDONESIAN,0.5843593784789872,MALAY,0.17085047786673158,6,"aplikasi, driver, jadi, kalau, tolong, yang",True
2622,android,ph,en,045ad93d-dc24-42d3-b31d-d36ed8cc0969,2026-04-02T12:57:14.985Z,1,,"Kalau tdk mendapat mitra lima atau 10 mnt, muncul kan opsi batal kan pesanan. Jngn biarkan customer menunggu lama tdk pasti.",Samuel Wisnu,5.403.0,"Halo Kak. Maaf ya buat engga nyaman 🙇‍♀️
Apabila Kakak menemukan kendala pada penggunaan aplikasi Grab Penumpang maka silakan laporkan melalui link https://grb.to/consumeridhelpcenter agar bisa ditindaklanjuti ya. Terima kasih 🙏
",2022-11-12T07:04:26.350Z,https://play.google.com/store/apps/details?id=com.grabtaxi.passenger&reviewId=045ad93d-dc24-42d3-b31d-d36ed8cc0969,Negative,INDONESIAN,0.8637727752750526,MALAY,0.7276339738565196,2,"kalau, pesanan",True
2623,android,ph,en,19d2c5ec-1746-4e76-8039-cad3f0de5cc6,2026-04-02T12:54:52.250Z,1,,skr ada pop up yg nutupin tombol cancel. judulnya pesan lebih banyak hemat penghantaran. jadi kita ga bisa cancel pesanan. udah lam nunggu pesenan ga ada driver yg mau ambil. ga bisa dicancel. ini pelayanan malah sengaja makin nyusahin pelanggan.,Arizal,5.403.0,,,https://play.google.com/store/apps/details?id=com.grabtaxi.passenger&reviewId=19d2c5ec-1746-4e76-8039-cad3f0de5cc6,Negative,MALAY,0.6905690840071325,INDONESIAN,0.3811381680142649,7,"bisa, driver, jadi, makin, malah, pesanan, udah",True
2625,android,ph,en,ff092b43-a3ef-42de-a5ba-b8203c92bf8f,2026-04-02T12:30:56.471Z,1,,dapet driver gapernah beres nyepelein waktu bangett berleha leha,Gabriel Ananta,5.397.0,,,https://play.google.com/store/apps/details?id=com.grabtaxi.passenger&reviewId=ff092b43-a3ef-42de-a5ba-b8203c92bf8f,Negative,INDONESIAN,0.9365060188400458,TAGALOG,0.90984979630723,1,driver,True
2630,android,ph,en,6e016175-c3cc-45b2-ae69-9e6e2d74b612,2026-04-02T11:59:28.346Z,1,,klo otomatis batal gada driver bisa ga langsung batalin aja? nunggu lama bgt,Viona Marcelina,,,,https://play.google.com/store/apps/details?id=com.grabtaxi.passenger&reviewId=6e016175-c3cc-45b2-ae69-9e6e2d74b612,Negative,INDONESIAN,0.7855595445526092,MALAY,0.600589224171546,2,"bisa, driver",True
2639,android,ph,en,7c644191-1dcd-4bc9-a58b-09f23a3d1088,2026-04-02T10:27:26.210Z,1,,Driver banyak tapi malah milih yang lagi ngorder. aneh,Rizki Nurhidayah,5.403.0,,,https://play.google.com/store/apps/details?id=com.grabtaxi.passenger&reviewId=7c644191-1dcd-4bc9-a58b-09f23a3d1088,Negative,MALAY,0.5034172349837551,INDONESIAN,0.06878021639792398,3,"driver, malah, yang",True
2660,android,ph,en,76731b09-983b-4026-8a47-b308d283f09d,2026-04-02T05:02:37.683Z,1,,Pesen grab mart kilat dari banyak item cuma ada 4 item dan gak ada pemberitahuan. Harga barang cuma tinggal 34.500 tapi ongkir admin kantong dll 50rb lebih. Kalo barang gak ada info dong atau cancel! Kapok!,Medi Cool,,,,https://play.google.com/store/apps/details?id=com.grabtaxi.passenger&reviewId=76731b09-983b-4026-8a47-b308d283f09d,Negative,INDONESIAN,0.9999953514591378,MALAY,0.9999907029182775,4,"cuma, dan, gak, kalo",True
2664,android,ph,en,4b5b433a-0db2-4e5e-b128-6ac882a3a6a3,2026-04-02T04:44:33.674Z,1,,"Benerin sistemnya dong, makin susah aja nyari driver. sekalinya dapet jauh. dan kalo food sampe dari restoran ngecancel karna ga ada yg mau ambil. udah sebulanan ga ada tindakan apa apa. nunggu bangkrut dulu apa gimana si 🫠",Wintan Maharani,5.397.0,,,https://play.google.com/store/apps/details?id=com.grabtaxi.passenger&reviewId=4b5b433a-0db2-4e5e-b128-6ac882a3a6a3,Negative,INDONESIAN,0.9995844039711869,MALAY,0.9991688079423738,5,"dan, driver, kalo, makin, udah",True
2695,android,ph,en,0a999e53-a568-47e6-a00a-0191342ce3cf,2026-04-01T13:22:06.543Z,1,,"Kelau pesan grab food dan memang ga dapat driver, kalo bisa jangan di tahan lama banget (25 menit lebih), buat sistem otomatis pesanan dibatalkan dalam 5 menit. Saya tidak bisa pesan makan lain karena menunggu terlalu lama. Menurunkan kenyamanan pengguna.",Rama Tri Agung,5.403.0,Halo Kak. Maaf ya buat engga nyaman 🙇‍♀️ Apabila Kakak menemukan kendala pada penggunaan aplikasi Grab Penumpang maka silakan laporkan melalui link https://grb.to/consumeridhelpcenter agar bisa ditindaklanjuti ya. Terima kasih 🙏,2022-05-21T15:46:08.376Z,https://play.google.com/store/apps/details?id=com.grabtaxi.passenger&reviewId=0a999e53-a568-47e6-a00a-0191342ce3cf,Negative,INDONESIAN,0.9901333179588242,MALAY,0.9802666359176484,9,"banget, bisa, dan, driver, kalo, karena, pesanan, saya, tidak",True
2696,android,ph,en,98d0c06a-f4ce-4ce3-a6fe-7d0392bd1eb0,2026-04-01T12:37:03.735Z,2,,"sudah pakai ongkir prioritas, masih saja lama",karimah harumdhani,5.403.0,,,https://play.google.com/store/apps/details?id=com.grabtaxi.passenger&reviewId=98d0c06a-f4ce-4ce3-a6fe-7d0392bd1eb0,Negative,INDONESIAN,0.8763206367962604,MALAY,0.757594127156831,2,"masih, sudah",True
2704,android,ph,en,ba13344b-bde6-4fb5-9f45-1e51e1051053,2026-04-01T11:16:11.590Z,3,,"Selalu langganan sama aplikasi ini, udh pesen priority, Grabike Xl, grabike aja masih aja lama kali dapat driver heran, padahal liat liat di jalan masih banyak tuh driver tapi aplikasi lama kali sumpah udh 1 jam saya nunggu damn, itu pun jauh kali padahal udh pesen priority tolong ya di perbaiki",CHALICE EXOL,5.401.0,,,https://play.google.com/store/apps/details?id=com.grabtaxi.passenger&reviewId=ba13344b-bde6-4fb5-9f45-1e51e1051053,Neutral,INDONESIAN,0.9982631963034907,MALAY,0.996526392607022,5,"aplikasi, driver, masih, saya, tolong",True
2722,android,ph,en,993bba67-9be1-4e2f-be74-5c4ae258bc06,2026-04-01T08:23:13.403Z,1,,yang salah bukan driver tpi uangnya di potong 200rb dri dompet. sudah di kabarin g bisa tpi tetap driver yg salah.,dinda wang,5.403.0,,,https://play.google.com/store/apps/details?id=com.grabtaxi.passenger&reviewId=993bba67-9be1-4e2f-be74-5c4ae258bc06,Negative,INDONESIAN,0.7800657772678836,MALAY,0.5650998173967283,4,"bisa, driver, sudah, yang",True
2737,android,ph,en,409a5eba-f0f2-4cb2-9ec2-4313b0244224,2026-04-01T04:39:35.815Z,1,,"mengecewakan, kena charge 3rb karena saya membatalkan pesanan. PADAHAL ALASANNYA Driver TIDAK BERGERAK, Di Chat TIDAK MEMBALAS. GAK halal tuh uangnya.",Ridwan,5.342.0,,,https://play.google.com/store/apps/details?id=com.grabtaxi.passenger&reviewId=409a5eba-f0f2-4cb2-9ec2-4313b0244224,Negative,INDONESIAN,0.9980037475925642,MALAY,0.9960074951851282,6,"driver, gak, karena, pesanan, saya, tidak",True
2748,android,ph,en,7d948e1b-9720-4ec9-96d9-c8cb51d1b9c1,2026-04-01T01:47:22.616Z,1,,"driver confirm mau jemput tp banyak yang tidak bergerak, driver udh dekat penjemputan tiba tiba cancel",Vincent Artha,5.403.0,,,https://play.google.com/store/apps/details?id=com.grabtaxi.passenger&reviewId=7d948e1b-9720-4ec9-96d9-c8cb51d1b9c1,Negative,INDONESIAN,0.6886741892844537,MALAY,0.3800561387812223,3,"driver, tidak, yang",True
2760,android,ph,en,8105d762-191e-43e7-b34a-2848697dd1a8,2026-03-31T16:34:56.942Z,5,,"Bagus, banyak variety pilihan untuk pengguna menjadualkan perjalanan, memesan makanan dan sebagainya.",Muna Zafira,5.403.0,,,https://play.google.com/store/apps/details?id=com.grabtaxi.passenger&reviewId=8105d762-191e-43e7-b34a-2848697dd1a8,Positive,MALAY,0.6969042547539501,INDONESIAN,0.3938658313620325,2,"dan, untuk",True
2773,android,ph,en,1b89839b-17f9-418c-a547-fc0f7a113258,2026-03-31T12:36:45.320Z,1,,App zolim. orderan makanan tidak di pick up selama 2 jam tapi gk bisa di cancel. mencoba untuk kontak CS tapi malah diputer ke bot melulu yg pura2 mengerti akan masalah yg dihadapi. Ditambah sekarang maksa terjemahin nama menu pake AI slop. Udah dinonaktifkan fiturnya malah tetep jalan terjemahannya. Kebiasaan maksa customer nerima service mereka kali ya,William Matthew,5.399.0,,,https://play.google.com/store/apps/details?id=com.grabtaxi.passenger&reviewId=1b89839b-17f9-418c-a547-fc0f7a113258,Negative,INDONESIAN,0.9990208209159954,MALAY,0.998041641831991,7,"bisa, malah, pake, sekarang, tidak, udah, untuk",True
2787,android,ph,en,7413774a-8ff2-4f83-a570-a6bfbd1e8192,2026-03-31T08:14:38.204Z,5,,i like it and it very easy to use also sangat senangg untuk kemana ii and xpayah fikir pasal parking and if lapa bole je order grab anytime i want and also i like to share my rezekii with the grab employees🫪,nafisyah,,,,https://play.google.com/store/apps/details?id=com.grabtaxi.passenger&reviewId=7413774a-8ff2-4f83-a570-a6bfbd1e8192,Positive,MALAY,0.8713928856478343,INDONESIAN,0.7447847473692539,1,untuk,True
2802,android,ph,en,30e0d0e0-2cc9-4114-b063-43a35b9d3457,2026-03-31T05:40:54.752Z,5,,SAAT NYA PINDAH KE GRAB KARENA GOJEK MULAI AMPAS 💯,Kizaki Dwiky,5.403.0,,,https://play.google.com/store/apps/details?id=com.grabtaxi.passenger&reviewId=30e0d0e0-2cc9-4114-b063-43a35b9d3457,Positive,INDONESIAN,0.6905574420779321,MALAY,0.419639045806737,1,karena,True
2826,android,ph,en,9ce77990-b095-40d2-a5c2-99697a072483,2026-03-30T23:59:09.886Z,2,,"Susah banget sekarang cari grab bike di jam-jam sibuk. Anak-anakku sering telat sampe sekolah, gurunya mikir saya orang tuanya ga becus mendidik anak supaya on time masuk sekolah. padahal kita order dari 1 jam sebelum masuk sekolah dan sekolahnya itu dekat. dan fenomena susah dapat driver ini juga terjadi di platform lain. Ada apa sebenarnya? kenapa pemerintah diam saja? kenapa grab ga mau memperbaiki layanannya?",Mutia Fajri Nancy,5.403.0,,,https://play.google.com/store/apps/details?id=com.grabtaxi.passenger&reviewId=9ce77990-b095-40d2-a5c2-99697a072483,Negative,MALAY,0.7228768975862392,INDONESIAN,0.44575379517247843,5,"banget, dan, driver, saya, sekarang",True
2848,android,ph,en,8d6015b4-8c7e-4b83-a47c-7439985cfc54,2026-03-30T13:24:16.588Z,3,,"akhir-akhir ini payah banget, jalanan ngga macet tapi tarifnya gila. driver jarak penjemputannya jauh jadi harus nunggu lama. pakai prioritas pun ngga guna",Widya Ningsih,5.403.0,,,https://play.google.com/store/apps/details?id=com.grabtaxi.passenger&reviewId=8d6015b4-8c7e-4b83-a47c-7439985cfc54,Neutral,INDONESIAN,0.9884388552258683,MALAY,0.9768777104517367,3,"banget, driver, jadi",True
2857,android,ph,en,04be8737-5f3d-4b68-83b7-b6daa84e71e8,2026-03-30T11:27:11.730Z,1,,"Kalau transaksi cash atau QRIS sedang tidak bisa TOLONG dimatikan sebelum pesanan dapat dipesan. Saya harus menunggu 1 jam untuk membatalkan pesanan karena hal sedungu itu, atau berikan opsi pembatalan jika tidak ditemukan mitra setelah menunggu 20 menit. Ke pusat bantuan tidak membantu sama sekali karena responden bukan manusia, namun AI chatbot yang dungu.",Jonathan Feriza,5.403.0,,,https://play.google.com/store/apps/details?id=com.grabtaxi.passenger&reviewId=04be8737-5f3d-4b68-83b7-b6daa84e71e8,Negative,INDONESIAN,0.999995345410732,MALAY,0.9999906908214641,9,"bisa, kalau, karena, pesanan, saya, tidak, tolong, untuk, yang",True
2864,android,ph,en,b7b2d9a2-70fa-402b-aece-8512e394f81b,2026-03-30T10:26:14.960Z,1,,"Ada bug di appnya, pas ngelakuin screenshot ketika udah dapet driver. hasil screenshot nya aneh.",Test Test,5.403.0,,,https://play.google.com/store/apps/details?id=com.grabtaxi.passenger&reviewId=b7b2d9a2-70fa-402b-aece-8512e394f81b,Negative,INDONESIAN,0.8056281651325091,MALAY,0.6408640826171634,2,"driver, udah",True
2869,android,ph,en,6aee7794-50e7-42d0-b330-23e24ab29bda,2026-03-30T09:41:15.729Z,2,,"saya mau ss setelah dapat grab car tapi malah muncul bug ngalangin satu layar, ganggu banget",Kura Kura Jahat,5.403.0,,,https://play.google.com/store/apps/details?id=com.grabtaxi.passenger&reviewId=6aee7794-50e7-42d0-b330-23e24ab29bda,Negative,INDONESIAN,0.7001079641968863,MALAY,0.40165748224883674,3,"banget, malah, saya",True
2870,android,ph,en,5b1df9e0-f711-42bf-9391-d987f67d64c1,2026-03-30T09:41:02.885Z,1,,"Aplikasi Jelek Banget, masa pas udah ada driver terus screenshoot tampilan screenshoot nya Burik Banget dah, developer gimana sih kerja ga bener",Artoria Pendragon,5.403.0,,,https://play.google.com/store/apps/details?id=com.grabtaxi.passenger&reviewId=5b1df9e0-f711-42bf-9391-d987f67d64c1,Negative,INDONESIAN,0.9975288821033591,MALAY,0.9950649865274611,5,"aplikasi, banget, driver, jelek, udah",True
2871,android,ph,en,f9a2a841-14b9-4153-bbc1-a38c7eb20b52,2026-03-30T09:38:08.844Z,1,,ini kenapa ya abis update malah ada masalah. waktu screenshoot book motor hasil screenshootnya gasesuai,Yonathan Setiagita,5.403.0,,,https://play.google.com/store/apps/details?id=com.grabtaxi.passenger&reviewId=f9a2a841-14b9-4153-bbc1-a38c7eb20b52,Negative,INDONESIAN,0.8802397334212277,MALAY,0.7627824977055567,1,malah,True
2881,android,ph,en,2653001d-f821-417a-b6e5-fdc72ad10aad,2026-03-30T06:44:38.391Z,1,,cancel terus orderan mau yg prioritas apapun cancel. uninstall ty,chrisby moningka,5.403.0,,,https://play.google.com/store/apps/details?id=com.grabtaxi.passenger&reviewId=2653001d-f821-417a-b6e5-fdc72ad10aad,Negative,INDONESIAN,0.6872781159693271,TAGALOG,0.5276597869675759,0,,True
2883,android,ph,en,88d2cad3-28b1-4063-9489-b335e9cd5f53,2026-03-30T06:13:34.124Z,1,,"Untuk apa sih ada savers, udah nunggu makan sejam lebih, gak bisa cancel, gak bisa kontak support. Mending hapus aja pilihannya, biar orang lain gak dibodohi. EDIT: ABIS SEJAM LEBIH GW NUNGGU, DICANCEL AMA GRAB",TanzaKnight,,,,https://play.google.com/store/apps/details?id=com.grabtaxi.passenger&reviewId=88d2cad3-28b1-4063-9489-b335e9cd5f53,Negative,INDONESIAN,0.9955407975519542,MALAY,0.9910815951039198,4,"bisa, gak, udah, untuk",True
2896,android,ph,en,0e7ef30f-76d1-4309-bbbf-b6fabbf6fb9e,2026-03-30T02:22:10.735Z,1,,tidak bisa tinggalkan note untuk toko (grabmart),Ms Yati,5.403.0,,,https://play.google.com/store/apps/details?id=com.grabtaxi.passenger&reviewId=0e7ef30f-76d1-4309-bbbf-b6fabbf6fb9e,Negative,INDONESIAN,0.772655112328251,MALAY,0.5465277015460481,3,"bisa, tidak, untuk",True
2899,android,ph,en,8666fdf3-6cd8-455a-aa66-449407acd783,2026-03-30T01:06:40.202Z,4,,"pelayanan lebih baik dan nyaman daripada app sebelah. hanya semenjak bisa ambil order dari taxi biru, beberapa kali order ditolak/diminta cancel. mungkin sebaiknya dipisah biar pengguna bisa memilih",Ika Maulid Nur Ahmad,5.403.0,,,https://play.google.com/store/apps/details?id=com.grabtaxi.passenger&reviewId=8666fdf3-6cd8-455a-aa66-449407acd783,Positive,INDONESIAN,0.9834365742055415,MALAY,0.9668731484110831,2,"bisa, dan",True
2905,android,ph,en,ca3ff92d-a2f5-4db3-a6fb-200c29d4d316,2026-03-29T20:41:50.000Z,2,,np skrng malah auto translate semua menu? padahal sy udh ganti settingnya biar gk auto translate,Jelly Bean,5.403.0,,,https://play.google.com/store/apps/details?id=com.grabtaxi.passenger&reviewId=ca3ff92d-a2f5-4db3-a6fb-200c29d4d316,Negative,INDONESIAN,0.7479122919490803,MALAY,0.49953905748241234,1,malah,True
2910,android,ph,en,272f0676-da74-4b3b-ab5f-45116260e545,2026-03-29T15:52:38.870Z,1,,"bayar pakai tunai dipersulit sama grab sekarang, orderan sengaja dilama2in",Khouw Antonius,5.401.0,,,https://play.google.com/store/apps/details?id=com.grabtaxi.passenger&reviewId=272f0676-da74-4b3b-ab5f-45116260e545,Negative,INDONESIAN,0.6737010397455707,MALAY,0.35418509889263156,1,sekarang,True
2912,android,ph,en,1c23cb3d-c1a9-4ab8-ad06-b1f9396b9970,2026-03-29T15:42:10.810Z,4,,"grab kok jadi kaya gini sih? dulu kalau ada orderan langsung ada informasi kalau pesanan kita udah di konfirmasi,sekarang kenapa ga kaya gitu?nunggu ojeknya dulu, baru dikasih tau lagi infonya.okelah kalau memang sibuk, setidaknya kasih tau ke pengguna kalau orderan banyak sehingga ga dapet orderan buat nganter makanan, ini udah nunggu 1 jam ga ada juga, orang pesen makanan karena laper, ya kali udah nunggu 1 jam lebih ga ada konfirmasi apapun kalau banyak orderan/susah dapet,kita mau makan bro.",Cahyani,5.402.0,,,https://play.google.com/store/apps/details?id=com.grabtaxi.passenger&reviewId=1c23cb3d-c1a9-4ab8-ad06-b1f9396b9970,Positive,INDONESIAN,0.9998627225878379,MALAY,0.9997254451756759,6,"jadi, kalau, karena, pesanan, sekarang, udah",True
2917,android,ph,en,4a22275a-a537-46c8-9cf1-361ba6d04dea,2026-03-29T14:45:53.384Z,2,,"Udah ditahap FRUSTASI jadi pelanggan Grab. Dari mulai driver yg susah bgt dapat, sampe ke CS pun SUSAH BANGET dihubungin. Kalau BOTnya masih didevelop, jgn tutup akses ke agent lah.",Yuni D,5.403.0,,,https://play.google.com/store/apps/details?id=com.grabtaxi.passenger&reviewId=4a22275a-a537-46c8-9cf1-361ba6d04dea,Negative,INDONESIAN,0.9999999925065888,MALAY,0.9999999850131776,6,"banget, driver, jadi, kalau, masih, udah",True
2919,android,ph,en,48b69a26-2e83-49f1-8600-3cff71c08da4,2026-03-29T14:20:38.000Z,1,,mau batalin order grabfood krn 1 jam ditunggu ga ketemu driver malah ga bisa. Nunggu lebih lama lagi baru dibatalin sendiri sama sistem. mau chat CS jd AI. app sampah,Rock “Trigger” Volnutt,4.43.1,,,https://play.google.com/store/apps/details?id=com.grabtaxi.passenger&reviewId=48b69a26-2e83-49f1-8600-3cff71c08da4,Negative,INDONESIAN,0.9999380139703997,MALAY,0.9998769450854255,4,"bisa, driver, krn, malah",True
2920,android,ph,en,b1fe7020-d082-48e9-ae6e-57bdb0514b06,2026-03-29T14:01:09.175Z,1,,"PAYAH BGT, driver ga dapet-dapet. banyak yg cancel mulu. kenapa sih? jadi bikin kesulitan. pake grab buat mempermudah aktivitas, malah mempersulit aktivitas. ada apa sih sama sistem dan driver-drivernya? tolong diperbaiki dong!",Inneke Agustina,5.402.0,,,https://play.google.com/store/apps/details?id=com.grabtaxi.passenger&reviewId=b1fe7020-d082-48e9-ae6e-57bdb0514b06,Negative,INDONESIAN,0.9459841888971043,MALAY,0.8919683777942088,6,"dan, driver, jadi, malah, pake, tolong",True
2925,android,ph,en,94675428-8199-4a07-8eae-e5a77dc4aaab,2026-03-29T12:00:19.524Z,1,,"Beli grabfood ga dapat driver dan gabisa cancel, CS juga ga guna pakai AI. Kapok beli pakai aplikasi, keburu mati kelaparan...",Glenn Lando,5.403.0,,,https://play.google.com/store/apps/details?id=com.grabtaxi.passenger&reviewId=94675428-8199-4a07-8eae-e5a77dc4aaab,Negative,INDONESIAN,0.8959097011044478,MALAY,0.8317199310464248,3,"aplikasi, dan, driver",True
2936,android,ph,en,9edeee7a-601b-4acd-903e-844dd42e1c77,2026-03-29T09:50:25.810Z,5,,tsuka ramen surabaya barat tolong dinonaktifkan,Kevin,5.403.0,,,https://play.google.com/store/apps/details?id=com.grabtaxi.passenger&reviewId=9edeee7a-601b-4acd-903e-844dd42e1c77,Positive,INDONESIAN,0.8862245910911719,MALAY,0.7760448001722401,1,tolong,True
2955,android,ph,en,397edf37-03de-48ee-8d30-ea88f9d24e71,2026-03-29T05:20:21.391Z,1,,"Dulu crab sepi penumpang karna tarif mahal, sekarang crab ramai karna ada voucher shopee tapi saat pembayaran dilakukan tetap bayar normal ga motong jadi yang tipu² crab atau shoppe????",Ana Saskara Residence,,,,https://play.google.com/store/apps/details?id=com.grabtaxi.passenger&reviewId=397edf37-03de-48ee-8d30-ea88f9d24e71,Negative,INDONESIAN,0.999720534338243,MALAY,0.999441068676486,4,"jadi, sekarang, tarif, yang",True
2971,android,ph,en,a63b1808-6c28-4df1-b0e2-d0225986b6a5,2026-03-28T21:49:18.982Z,1,,"maps tidak lengkap, mbok ya pakek google maps.. driver yang kamu pilihkan juga ngapain jauh2 amat kalau yang terdekat ada?????",vicky handika,5.403.0,,,https://play.google.com/store/apps/details?id=com.grabtaxi.passenger&reviewId=a63b1808-6c28-4df1-b0e2-d0225986b6a5,Negative,INDONESIAN,0.5488704378316862,MALAY,0.09808350413694572,4,"driver, kalau, tidak, yang",True
2973,android,ph,en,edfe4276-37fc-4408-91e8-df0213aa2758,2026-03-28T18:49:15.534Z,1,,"kayanya waktu estimasi pembatalan food itu sampe 1 jam terlalu lama deh..alhasil cs mesti nunggu lama, driver ud dapet tapi dicall sama chat kaga bales..kaga tau kemnaa itu driver",Jan,5.403.0,"Mohon maaf ya atas ketidaknyamanan yang terjadi.
Apabila Kakak memiliki kendala saat menggunakan aplikasi Grab atau tidak nyaman dengan pelayanan kami, Kakak bisa memilih keluhan yang sesuai di link berikut ya https://grb.to/consumeridhelpcenter 🙏 Terima kasih",2026-01-11T14:06:30.767Z,https://play.google.com/store/apps/details?id=com.grabtaxi.passenger&reviewId=edfe4276-37fc-4408-91e8-df0213aa2758,Negative,INDONESIAN,0.9998003648257738,MALAY,0.9996098274764389,1,driver,True
2980,android,ph,en,faaf93a9-4717-4dd6-8d52-fd4d298eecba,2026-03-28T15:08:22.801Z,1,,payah banget order grabfood ga bisa tukar jadi self pick up klo ga dapat driver.,northy baihaqi,5.403.0,,,https://play.google.com/store/apps/details?id=com.grabtaxi.passenger&reviewId=faaf93a9-4717-4dd6-8d52-fd4d298eecba,Negative,INDONESIAN,0.5864655614434922,TAGALOG,0.2760253927006671,4,"banget, bisa, driver, jadi",True
2981,android,ph,en,9e011a7a-13df-4362-a189-c3e080705e0b,2026-03-28T15:02:09.440Z,1,,"Grab ini makin lama, makin ampas! Pesen grab food dari jam 8.45pm, sampe jam 10.00pm gak ada driver yg ambil. GABISA CANCEL ORDER! Disuruh ganti RESTO, tapi tetep gak bisa!",ruhbi Muthia,,,,https://play.google.com/store/apps/details?id=com.grabtaxi.passenger&reviewId=9e011a7a-13df-4362-a189-c3e080705e0b,Negative,INDONESIAN,0.610111626188193,MALAY,0.2217893882531657,4,"bisa, driver, gak, makin",True
2987,android,ph,en,f3a1ce28-585e-4280-a287-1df170e653b6,2026-03-28T13:19:58.500Z,1,,dapet driver sulit bgt pesen makan harusnya tepar waktu jadi teledor,xinfurr,,,,https://play.google.com/store/apps/details?id=com.grabtaxi.passenger&reviewId=f3a1ce28-585e-4280-a287-1df170e653b6,Negative,INDONESIAN,0.730699430257511,MALAY,0.4781117349304593,2,"driver, jadi",True
2990,android,ph,en,37510bb8-37ea-4b4c-ac1a-3384647065b8,2026-03-28T12:49:12.747Z,1,,nyari driver lama banget setengah jam lebih ga ada yang nganter ini aplikasi nya gabecus apa gimanaa ya,Reinaldo Septian Widjanarko,5.402.0,,,https://play.google.com/store/apps/details?id=com.grabtaxi.passenger&reviewId=37510bb8-37ea-4b4c-ac1a-3384647065b8,Negative,INDONESIAN,0.7274495976478308,MALAY,0.4654798907066166,4,"aplikasi, banget, driver, yang",True
2994,android,ph,en,2703048f-141a-4253-b72c-1f49265a3571,2026-03-28T11:59:05.257Z,4,,"Tolong dong sistem pemesanannya diperbaiki, masak nggak bisa cancel kalau nunggunya lama banget atau gak dapet driver... pengguna tidak diberi pilihan atau pengambilan keputusan jadi bingung nunggu driver gak dapet2, mau cancel juga gabisa,",Nico Laus,5.394.0,,,https://play.google.com/store/apps/details?id=com.grabtaxi.passenger&reviewId=2703048f-141a-4253-b72c-1f49265a3571,Positive,INDONESIAN,0.9419173436823814,MALAY,0.883834687364763,9,"banget, bisa, driver, gak, jadi, kalau, nggak, tidak, tolong",True
3001,android,ph,en,00ca9e0a-850b-406f-9f6e-41b7387ed29f,2026-03-28T11:08:26.216Z,1,,"APLIKASI ANEH, NUNGGU ORDERAN 45 MENIT BELOM DAPET DRIVER, PEMBAYARAN NON TUNAI, TAPI TIDAK ADA OPSI CANCEL!",anggi anggara,,,,https://play.google.com/store/apps/details?id=com.grabtaxi.passenger&reviewId=00ca9e0a-850b-406f-9f6e-41b7387ed29f,Negative,INDONESIAN,0.750060571794528,MALAY,0.5117772289731012,4,"aplikasi, belom, driver, tidak",True
3002,android,ph,en,18fc5882-755d-4562-8623-104a4c20b0c9,2026-03-28T10:55:18.560Z,1,,"buggy app. nggak pernah bisa ngeload dengan cepat sejak update terakhir. makin ngaco, driver disuruh nganter beberapa order dari resto yamg beda beda. sampenya jadi lama, makanan udah dingin. mari beralih ke gojek & shopee. leave grab now",Tegar Wicaksono,5.403.0,,,https://play.google.com/store/apps/details?id=com.grabtaxi.passenger&reviewId=18fc5882-755d-4562-8623-104a4c20b0c9,Negative,INDONESIAN,0.9999999985802004,MALAY,0.9999999971604038,7,"bisa, dengan, driver, jadi, makin, nggak, udah",True
3003,android,ph,en,10082ef7-d3ca-4c50-bf89-f027f948ab2f,2026-03-28T10:27:46.852Z,5,,grab... aku mau bilang terimakasih buat kamu... sudah selalu mengantarkanku selamat sampai tujuan. 🥺❤,Kansa,5.403.0,,,https://play.google.com/store/apps/details?id=com.grabtaxi.passenger&reviewId=10082ef7-d3ca-4c50-bf89-f027f948ab2f,Positive,INDONESIAN,0.6839393847320935,MALAY,0.3678834392545029,1,sudah,True
3005,android,ph,en,ce5f0eac-aafd-429d-9911-88a0de52456f,2026-03-28T10:10:16.206Z,1,,"jelek banget, susah cari driver. mau bayar mahal murah sama aja!",Dita Safira,5.403.0,,,https://play.google.com/store/apps/details?id=com.grabtaxi.passenger&reviewId=ce5f0eac-aafd-429d-9911-88a0de52456f,Negative,INDONESIAN,0.6027694134147455,MALAY,0.31196173994303,3,"banget, driver, jelek",True
3006,android,ph,en,30c37efb-ff73-4e19-bf8e-f301580e189e,2026-03-28T09:19:04.325Z,1,,2 jam hanya untuk pesanan dibatalkan. Kalau gak bisa dapet driver gak usah nyusahin kita yg mesan,Blanc,5.396.0,,,https://play.google.com/store/apps/details?id=com.grabtaxi.passenger&reviewId=30c37efb-ff73-4e19-bf8e-f301580e189e,Negative,INDONESIAN,0.6672592356765371,MALAY,0.33985525495361657,6,"bisa, driver, gak, kalau, pesanan, untuk",True
3022,android,ph,en,c23908bb-5aba-4daf-bd35-5d69b6b68ad4,2026-03-28T05:49:54.343Z,2,,"ga bisa login, otp ga masuk masuk.. ada tulisan login with Google buat apa? fitu krusial malah ga fungsi",eko wiyatnanto,5.403.0,,,https://play.google.com/store/apps/details?id=com.grabtaxi.passenger&reviewId=c23908bb-5aba-4daf-bd35-5d69b6b68ad4,Negative,INDONESIAN,0.6644414511441757,MALAY,0.3345266620994268,2,"bisa, malah",True
3040,android,ph,en,d424bc70-07e5-477a-b68b-442ba86c6e86,2026-03-27T14:45:16.302Z,1,,"drivernya pada gak mau ambil orderan makanan, terus kalau uda dapet orderan dan sudah dekat sering sering tiba tiba dibatalin. sekali ngerasa oh iya mungkin jauh dari lokasi saya tapi kelamaan kok keseringan. dear apk please be nice to your driver so your driver can be nice to customer",20-182 Aura Naza,5.403.0,,,https://play.google.com/store/apps/details?id=com.grabtaxi.passenger&reviewId=d424bc70-07e5-477a-b68b-442ba86c6e86,Negative,INDONESIAN,0.9762571946450688,MALAY,0.9525143892901375,6,"dan, driver, gak, kalau, saya, sudah",True
3046,android,ph,en,ff96916a-72ec-415f-9fa1-4ac5a8cfc3f2,2026-03-27T06:02:40.310Z,1,,"Nunggu grabike lama2 terus di cancel rese sih. Mau pesen grabfood, udah nunggu lama banget gak bisa dicancel, call centernya udah pake AI semua jadi sama sekali tidak membantu.",Ananda Cipta,5.403.0,,,https://play.google.com/store/apps/details?id=com.grabtaxi.passenger&reviewId=ff96916a-72ec-415f-9fa1-4ac5a8cfc3f2,Negative,INDONESIAN,0.9999998475405453,MALAY,0.9999996950810905,7,"banget, bisa, gak, jadi, pake, tidak, udah",True
3047,android,ph,en,14141d09-a817-4580-ac98-57e932d4eb7d,2026-03-27T05:22:32.642Z,1,,"gila tiap beli cash nyebelin parah. gaada yg mau ngambil, ga kayak platform sebelah yg selalu ada drivernya. trs kalau mau cancel hrs nunggu ampe sejam. pdhl udh pake pake cashless di tengah2 juga GAADA YG MAU NGAMBIL. mana pake debit jd duitnya ga langsung balik. udah lebih dr sekali kayak gini, nyebelin bgt",semangat :D,,,,https://play.google.com/store/apps/details?id=com.grabtaxi.passenger&reviewId=14141d09-a817-4580-ac98-57e932d4eb7d,Negative,INDONESIAN,0.9971427426421761,MALAY,0.9942854852843522,3,"kalau, pake, udah",True
3060,android,ph,en,6b6bfc02-0854-4f72-ab08-9444b112ce1c,2026-03-27T01:31:40.622Z,1,,Driver banyak yang mogok kerja dan cancel. Refund masa nunggu 1 minggu.,Fabrian Ivan Prasetya,5.403.0,,,https://play.google.com/store/apps/details?id=com.grabtaxi.passenger&reviewId=6b6bfc02-0854-4f72-ab08-9444b112ce1c,Negative,INDONESIAN,0.49243551025053073,MALAY,0.008051489936522938,3,"dan, driver, yang",True
3093,android,ph,en,3dda9865-aa08-495e-b7b9-56a372592e84,2026-03-25T14:19:14.533Z,2,,"logic nya kek masih bulan puasa, masa jarak ga nyampe 100m, delivery sampe 77 menit, padahal VIP, dan normal, merchant pun tidak antri2 bgt",Arief Riyadi,5.401.0,,,https://play.google.com/store/apps/details?id=com.grabtaxi.passenger&reviewId=3dda9865-aa08-495e-b7b9-56a372592e84,Negative,INDONESIAN,0.78846221341769,MALAY,0.5859715258629454,3,"dan, masih, tidak",True
3096,android,ph,en,deb8ff6c-04f2-445c-9192-9cdfc296501f,2026-03-25T13:43:34.783Z,1,,"dear konsumen Grab mohon maaf jika kami Driver menolak orderan anda. karena Mode HEMAT merugikan driver dan di ""PAKSA"" oleh aplikasi, meski sdh kami OFF kan. Grab mereka hanya Murni Memfasilitasi mirip BANDAR 7UD0L aja selalu untung setiap Orderan. titik mobil ke jemput : 4km titik jemput ke tujuan : 4km kembali ke titik keramaian : 4km sama kok 12rb yg diterima driver hitung waktu brp yg dihabiskan dari awal hingga balik? sewa kendaraan 170rb BBM 10km/L (atau 4L /jam)",Ani Susanty,5.401.0,,,https://play.google.com/store/apps/details?id=com.grabtaxi.passenger&reviewId=deb8ff6c-04f2-445c-9192-9cdfc296501f,Negative,INDONESIAN,0.9999701600880454,MALAY,0.9999403201760908,4,"aplikasi, dan, driver, karena",True
3100,android,ph,en,7791bfe3-85dd-448b-9b13-ace922640c7e,2026-03-25T13:21:06.208Z,1,,"Saya melakukan pemesanan Grab Food dengan full rate, bukan hemat. Tapi pengiriman malah dimasukkan paling akhir. Makanan disiapkan pukul 19.30 dan baru diantar ke saya pukul 20.19. pasti sudah dingin dan tidak layak makan. Kalau saya komplain, maka Grab akan beri penalti ke driver atau restoran, padahal mereka masukkan pengantaran saya yang full price bukan hemat menjadi multiple delivery!",Tomi Taladin,5.402.0,,,https://play.google.com/store/apps/details?id=com.grabtaxi.passenger&reviewId=7791bfe3-85dd-448b-9b13-ace922640c7e,Negative,INDONESIAN,0.9876816621881669,MALAY,0.9753633243763338,9,"dan, dengan, driver, kalau, malah, saya, sudah, tidak, yang",True
3116,android,ph,en,94f9237e-16e2-4d45-af81-99937d1dd779,2026-03-25T10:27:55.880Z,1,,Driver GrabCar Hemat & GrabBike Hemat banyak yang tidak mau ambil orderan disaat bamyak unit yang mangkal. Jadikan bahan evaluasi di internal serta untuk seluruh driver rekanan demi menjaga reputasi brand GRAB.,Kun Harjiyanto,5.402.0,,,https://play.google.com/store/apps/details?id=com.grabtaxi.passenger&reviewId=94f9237e-16e2-4d45-af81-99937d1dd779,Negative,INDONESIAN,0.994755339617462,MALAY,0.989510679234924,4,"driver, tidak, untuk, yang",True
3131,android,ph,en,7e9de31b-cef4-4f0a-9f29-36d6e8b515d1,2026-03-25T05:46:26.979Z,1,,"makin kesini makin hancur aja, udah tiap bulan langganan unlimited, tiap order makanan kena biaya tambahan aplikasi buat ini itu, bukannya di benerin system nya biar driver nyaman, malah makin kesini makin susah cari driver!!!",Cipto Susanto,5.402.0,,,https://play.google.com/store/apps/details?id=com.grabtaxi.passenger&reviewId=7e9de31b-cef4-4f0a-9f29-36d6e8b515d1,Negative,INDONESIAN,0.9842447530464278,MALAY,0.9684895068782814,5,"aplikasi, driver, makin, malah, udah",True
3133,android,ph,en,89af19ec-e4e1-45de-a5e1-20a6d99ae54e,2026-03-25T04:42:41.731Z,4,,Kayaknya buat abang2 yg ngojek perlu dikasih training juga deh ttg safety riding...,Ruri Hidayat,5.371.0,,,https://play.google.com/store/apps/details?id=com.grabtaxi.passenger&reviewId=89af19ec-e4e1-45de-a5e1-20a6d99ae54e,Positive,INDONESIAN,0.7554886094011207,MALAY,0.5154245013840377,0,,True
3147,android,ph,en,8bb2bb7e-2022-4767-8629-4c276835bcdb,2026-03-24T22:10:35.501Z,5,,sentiasa gunakan aplikasi (GRAB) sahaja. Jangan gunakan teksi untuk lokasi,Marcos Publis (Veleyam Montrose),5.401.0,,,https://play.google.com/store/apps/details?id=com.grabtaxi.passenger&reviewId=8bb2bb7e-2022-4767-8629-4c276835bcdb,Positive,MALAY,0.7464017250850725,INDONESIAN,0.4932759725127809,2,"aplikasi, untuk",True
3155,android,ph,en,85d044e3-bc86-4fa9-94d4-45f80c75a57d,2026-03-24T14:14:03.353Z,2,,kenapa driver bisa input biaya tambahan sendiri? kalau begitu mereka bisa memasukan biaya sesukanya mereka dong? harusnya penambahan biaya disetujui dulu oleh penumpang jangan main sepihak saja. Aplikasi aneh.,Audi,5.402.0,,,https://play.google.com/store/apps/details?id=com.grabtaxi.passenger&reviewId=85d044e3-bc86-4fa9-94d4-45f80c75a57d,Negative,INDONESIAN,0.9813542849525216,MALAY,0.9627085699050433,4,"aplikasi, bisa, driver, kalau",True
3186,android,ph,en,9d592cbe-48f8-4d0f-a1ee-65c047370943,2026-03-24T07:47:23.455Z,1,,banyak mitra driver parkir sembarangan lalu lintas gak tertib dan disiplin selalu banyak yang melangga atau MABES OKNUM dan kesejahteraan mitra driver dibelakangkan.,AGUS SUPRIYADI,5.401.0,,,https://play.google.com/store/apps/details?id=com.grabtaxi.passenger&reviewId=9d592cbe-48f8-4d0f-a1ee-65c047370943,Negative,INDONESIAN,0.9999999327768165,MALAY,0.9999998655536331,4,"dan, driver, gak, yang",True
3218,android,ph,en,295dfef0-1001-4935-8fd0-e1cabf97a408,2026-03-23T14:49:32.951Z,1,,kualitas makin bobrok. standar rasa saver sekarang. padahal yang standar ga murah juga bayarnya. aaaasu,Yuke A.,5.402.0,,,https://play.google.com/store/apps/details?id=com.grabtaxi.passenger&reviewId=295dfef0-1001-4935-8fd0-e1cabf97a408,Negative,INDONESIAN,0.9070226620492896,MALAY,0.8245236887852149,3,"makin, sekarang, yang",True
3225,android,ph,en,3e3a4a26-e8a7-4831-9c5a-4805be829365,2026-03-23T13:06:08.600Z,1,,"Sistem transportasi Dan GPS disini sangat buruk. bahkan sering banget masuk ke sistem antrian, ya kali mesen prioritas disuruh nunggu driver antar penumpang lain dulu?",Ryan Malik,5.401.0,,,https://play.google.com/store/apps/details?id=com.grabtaxi.passenger&reviewId=3e3a4a26-e8a7-4831-9c5a-4805be829365,Negative,INDONESIAN,0.9932296823307245,MALAY,0.9864593646614489,3,"banget, dan, driver",True
3259,android,ph,en,1b4d7b3d-bc11-4a4c-b03b-755bee6719d0,2026-03-23T01:49:06.260Z,1,,"kenapa ga ada Call CENTER yg cepat di aplikasi terutama GRAB FOOD. Salah orderan, salah alamat pun ga bisa telepon driver atau call center. TERLALU LAMA , da mahal, customer rugi pun ga bisa cepat laporannya",Vina Akina,5.401.0,,,https://play.google.com/store/apps/details?id=com.grabtaxi.passenger&reviewId=1b4d7b3d-bc11-4a4c-b03b-755bee6719d0,Negative,INDONESIAN,0.984202105853537,MALAY,0.9685011785810568,3,"aplikasi, bisa, driver",True
3269,android,ph,en,62c8fc8c-b5c7-4978-a166-8507eb734f6a,2026-03-22T14:42:05.843Z,5,,kak sejauh ini sy puas dengan grab. namun ada 1 peristiwa dimana driver membatalkan sepihak setelah sy menunggu 20 menit lebih tanpa konfirmasi apapun (dan posisi driver sebenernya sudah sangat dekat dg penjemputan)... sehingga sy merasa dirugikan dr waktu apalagi sy bawa 2 anak kecil saat itu. saran sy dalam SOP pembatalan pesanan driver diharapkan 1. konfirmasi pembatalan (komunikasi dg pelanggan) dan Alasannya 2. ada batas waktu maksimal diijinkan cancel driver.. misal 10 menit after accept,Imamatul Hikmah,5.401.0,,,https://play.google.com/store/apps/details?id=com.grabtaxi.passenger&reviewId=62c8fc8c-b5c7-4978-a166-8507eb734f6a,Positive,INDONESIAN,0.9999997546844737,MALAY,0.9999995093689474,5,"dan, dengan, driver, pesanan, sudah",True
3270,android,ph,en,38f94c7e-3b57-43aa-82d1-fb34aa6e7e83,2026-03-22T14:36:05.984Z,1,,DRIVER TIDAK MENJEMPUT SAYA TAPI DIBUAT PERJALANAN SELESAI. BAHKAN BANYAK DRIVER YANG TIDAK RESPON ORDERAN RIDE.,Herman Susanto,5.401.0,"Mohon maaf ya atas ketidaknyamanan yang terjadi.
Apabila Kakak memiliki kendala saat menggunakan aplikasi Grab atau tidak nyaman dengan pelayanan kami, Kakak bisa memilih keluhan yang sesuai di link berikut ya https://grb.to/consumeridhelpcenter 🙏 Terima kasih",2026-03-22T14:57:09.895Z,https://play.google.com/store/apps/details?id=com.grabtaxi.passenger&reviewId=38f94c7e-3b57-43aa-82d1-fb34aa6e7e83,Negative,INDONESIAN,0.6069564994955153,MALAY,0.2139361968999835,4,"driver, saya, tidak, yang",True
3285,android,ph,en,01e19c0c-aa58-43bf-98c5-51393a1065db,2026-03-22T11:44:51.872Z,4,,"bagus banget, tapi harganya suka naik yah akhir akhir ini, sekarang malah fitur grab hemat ilang, gimana sih",Lady Jasmine,,"Maaf ya atas ketidaknyamanan yang terjadi.
Kalau Kakak memiliki kendala saat menggunakan aplikasi Grab atau tidak nyaman dengan pelayanan kami silakan pilih keluhan yang sesuai di link berikut ya https://grb.to/consumeridhelpcenter . Terima kasih 🙏",2025-11-14T01:18:14.678Z,https://play.google.com/store/apps/details?id=com.grabtaxi.passenger&reviewId=01e19c0c-aa58-43bf-98c5-51393a1065db,Positive,INDONESIAN,0.8095992987417239,MALAY,0.6200248389531572,3,"banget, malah, sekarang",True
3288,android,ph,en,0bc782a0-0ecf-4b12-91f5-3872385f83fd,2026-03-22T11:12:45.190Z,1,,"TIDAK BERGUNA!!! kamu menghabiskan anggaranmu hanya untuk tampilan aplikasi.. selain itu, semuanya kacauuu ngga ada yang bener: - susah dapet driver - biaya lebih mahal dari platform lain - metode pembayaran dengan bank ada sistem hold pengembalian... jadi kita disuruh nunggu duit balik kalo cancel orderan ampasssss parahhh",Whisnu Yudha Aditama,,,,https://play.google.com/store/apps/details?id=com.grabtaxi.passenger&reviewId=0bc782a0-0ecf-4b12-91f5-3872385f83fd,Negative,INDONESIAN,0.9834949984836917,MALAY,0.9669899969673834,8,"aplikasi, dengan, driver, jadi, kalo, tidak, untuk, yang",True
3289,android,ph,en,e786cb07-fddb-44cd-9fba-2e1f2774f1ab,2026-03-22T11:09:31.651Z,1,,"Saat liburan seperti hari Raya atau saat hujan deras tarif mobil dan motor tidak masuk akal, jauh lebih mahal dari taxi biasa! Mending Maxim",Ace LE,5.401.0,,,https://play.google.com/store/apps/details?id=com.grabtaxi.passenger&reviewId=e786cb07-fddb-44cd-9fba-2e1f2774f1ab,Negative,INDONESIAN,0.747222306033379,MALAY,0.4945819422476864,3,"dan, tarif, tidak",True
3296,android,ph,en,db312574-15ae-48bd-91b4-7bc864789b6d,2026-03-22T09:03:48.676Z,2,,kenapa sinyalnya ilang-ilangan mulu ya,Yoseph Anthony,5.401.0,,,https://play.google.com/store/apps/details?id=com.grabtaxi.passenger&reviewId=db312574-15ae-48bd-91b4-7bc864789b6d,Negative,INDONESIAN,0.697937249179317,MALAY,0.39780530872226827,0,,True
3330,android,ph,en,84a0c464-c824-433e-84b1-0cf7477234fb,2026-03-22T00:09:44.137Z,1,,"Sudah banyak kali saya terpaksa batalkan order sebab driver tak ada. Malah ada kalanya restoren kena hantar sendiri atau saya kena pergi ambil makanan yang diorder sendiri selepas berjam-jam menunggu aplikasi nak lapor driver tak ada. Kalau macam ni, aplikasi ni langsung tak ada fungsi dan menyusahkan sahaja. Saya harap Grab cari satu cara lain untuk pastikan perkara ni tak berlaku atau pun, maklumkan dulu kepada pengguna driver tak ada sebelum teruskan order.",farimi rahman,5.401.0,,,https://play.google.com/store/apps/details?id=com.grabtaxi.passenger&reviewId=84a0c464-c824-433e-84b1-0cf7477234fb,Negative,MALAY,0.9969015336674482,INDONESIAN,0.9938030673348962,9,"aplikasi, dan, driver, kalau, malah, saya, sudah, untuk, yang",True
3334,android,ph,en,7284539f-f24f-4fe7-a2b3-1e5fbce608fa,2026-03-21T17:33:53.853Z,1,,"tolong lah jangan zolim ke resto dan user, nunggu dapet driver dulu baru diproses. gabisa cancel pula. jahatnya",Ashri Boydalexa,5.401.0,"Maaf ya buat engga nyaman 🙇‍♀️
Apabila Kakak menemukan kendala pada penggunaan aplikasi Grab Penumpang maka silakan laporkan melalui link https://grb.to/consumeridhelpcenter agar bisa ditindaklanjuti ya.
Terima kasih 🙏

",2021-09-13T23:00:14.276Z,https://play.google.com/store/apps/details?id=com.grabtaxi.passenger&reviewId=7284539f-f24f-4fe7-a2b3-1e5fbce608fa,Negative,INDONESIAN,0.7746904087741409,MALAY,0.5563449829214931,3,"dan, driver, tolong",True
3341,android,ph,en,bd0c5231-d397-4667-b7a9-d8ee96c50f27,2026-03-21T15:12:30.843Z,1,,"Hadga mahal pas driver dikit, tapi duit yang ngalir semua ke pemilik aplikasi. APLIKASI KAPITALIS",Joshua Sitanggang,5.401.0,,,https://play.google.com/store/apps/details?id=com.grabtaxi.passenger&reviewId=bd0c5231-d397-4667-b7a9-d8ee96c50f27,Negative,INDONESIAN,0.7138543587283683,MALAY,0.44145180555227215,3,"aplikasi, driver, yang",True
3342,android,ph,en,7abbe052-ea2b-4f37-a3e5-4b7f42d01d72,2026-03-21T15:09:01.610Z,1,,"udah nyari grab susah, dr jam 4 smpe jam set 6, akhirny tiket pesawat hangus. trus mesen makan malah d cancel krn tenaga kerja nya kurang. halah pepek",Mayla Zahira Shofa,5.401.0,,,https://play.google.com/store/apps/details?id=com.grabtaxi.passenger&reviewId=7abbe052-ea2b-4f37-a3e5-4b7f42d01d72,Negative,MALAY,0.520770008859581,INDONESIAN,0.04197897197421008,3,"krn, malah, udah",True
3344,android,ph,en,2c8a5464-c0ff-4d02-8f87-c3f61807cf07,2026-03-21T14:59:56.574Z,2,,"sering nggak dapat driver waktu order makanan, orderan juga gabisa dicancel, jawaban dari help centre tidak membantu. tolong diperbaiki",Michele Angeline,5.401.0,,,https://play.google.com/store/apps/details?id=com.grabtaxi.passenger&reviewId=2c8a5464-c0ff-4d02-8f87-c3f61807cf07,Negative,INDONESIAN,0.7340932237479707,MALAY,0.46860868827218494,4,"driver, nggak, tidak, tolong",True
3348,android,ph,en,620ba223-746f-432a-adff-17d038d74f48,2026-03-21T13:20:17.394Z,1,,"ga bisa batalin orderan padahal sudah 1 jam lebih nunggu ga dapet driver gara-gara katanya makanannya sudah ""disiapkan"" resto, padahal biasanya resto itu nunggu drivernya datang baru dibuatkan, kenapa ga cari driver dulu baru ganti status ke resto menyiapkan makanan. kalo kayak gini costumer ga stress nunggu makanan 1 jam lebih yang akhirnya bakalan dibatalin sama sistem.",Pande Natasha,5.401.0,,,https://play.google.com/store/apps/details?id=com.grabtaxi.passenger&reviewId=620ba223-746f-432a-adff-17d038d74f48,Negative,INDONESIAN,0.9992492344699297,MALAY,0.9984984689398596,5,"bisa, driver, kalo, sudah, yang",True
3350,android,ph,en,95d6affa-41a1-48bc-9a02-3314b3bbdbeb,2026-03-21T12:43:36.142Z,1,,"Layanan grabfood makin hari makin parah. Udah ongkir mahal, kena biaya aplikasi, durasi pemesanan biasa makanan yang dekat 20menitan ini sampe 1 jam lebih. Orang kadang sudah lapar tunggu hampir 1 jam mendadak main di batalkan seenaknya dengan alasan lonjakan pemesanan",J Z,5.401.0,,,https://play.google.com/store/apps/details?id=com.grabtaxi.passenger&reviewId=95d6affa-41a1-48bc-9a02-3314b3bbdbeb,Negative,INDONESIAN,0.9999133381413055,MALAY,0.9998266762826109,6,"aplikasi, dengan, makin, sudah, udah, yang",True
3355,android,ph,en,a1415573-8642-4b3c-9f8d-7c37e327d35f,2026-03-21T11:52:26.817Z,2,,ga ada driver kok malah jadi makin mahal? Ada logo harga naiknya padahal driver aja ga ada dris tdi,Dewi Ailie Fennysia,,,,https://play.google.com/store/apps/details?id=com.grabtaxi.passenger&reviewId=a1415573-8642-4b3c-9f8d-7c37e327d35f,Negative,INDONESIAN,0.7223151358275279,MALAY,0.44861498971163977,4,"driver, jadi, makin, malah",True
3362,android,ph,en,013b58ad-4d90-4ffa-ac27-4a07663ca3c8,2026-03-21T10:58:14.495Z,1,,"tolong dong drivernya itu bnyk banget yg suka udh trima ,main cancel aja dan step penjemputan pake point 1 point 2 ,sya kiranya salahtekan fitur bikin yang jelas , udh susah dapat driver kirain slah tujuan ku cancel ,udh dpt driver ,drivernya cancel berkali2 gitu",S one Dracules,5.401.0,,,https://play.google.com/store/apps/details?id=com.grabtaxi.passenger&reviewId=013b58ad-4d90-4ffa-ac27-4a07663ca3c8,Negative,INDONESIAN,0.9800070260767543,MALAY,0.9600140521535085,6,"banget, dan, driver, pake, tolong, yang",True
3364,android,ph,en,74a994fa-d03a-40af-90dd-dd57f8a6b741,2026-03-21T10:10:13.949Z,1,,mau pesan aja ribet segala diverifikasi gajelas,Mesi Merianty,5.351.1,,,https://play.google.com/store/apps/details?id=com.grabtaxi.passenger&reviewId=74a994fa-d03a-40af-90dd-dd57f8a6b741,Negative,INDONESIAN,0.7380810809355235,MALAY,0.48590951509275276,0,,True
3376,android,ph,en,8e3efb16-5b40-4f4b-9852-af19d034d523,2026-03-21T07:16:05.394Z,2,,"sekarang tarif nya mendadak mahal, padahal jarak nya dekat, saya paham lagi hari besar, tapi jangan begitu juga.",Maggie Z,,,,https://play.google.com/store/apps/details?id=com.grabtaxi.passenger&reviewId=8e3efb16-5b40-4f4b-9852-af19d034d523,Negative,INDONESIAN,0.7782284648764354,MALAY,0.5573653520781784,3,"saya, sekarang, tarif",True
3381,android,ph,en,fd08f76d-cbb8-4a5f-ad54-f3e84b5e1695,2026-03-21T05:37:54.801Z,1,,Startup mau bangkrut ga ada cs manusianya ga bisa gaji. Restoran stock habis tapi bisa memilih status pesanan sedang dibuat dan memaksa ganti item lain padahal saya mau cancel jadi tidak bisa dan chatbotnya muter2 ga jelas,Miftah Farid,5.401.0,,,https://play.google.com/store/apps/details?id=com.grabtaxi.passenger&reviewId=fd08f76d-cbb8-4a5f-ad54-f3e84b5e1695,Negative,INDONESIAN,0.9997722326929871,MALAY,0.9995444653859742,6,"bisa, dan, jadi, pesanan, saya, tidak",True
3393,android,ph,en,eeb5e2cc-c8b6-4a4e-8112-595b7581f677,2026-03-21T02:41:15.145Z,1,,"bisa 1 driver multiple orders gtu biar apa? pdhl bukan pake jasa yg hemat loh, mikir kidz bkin lama aja, orang punya penyakit asam lambung bisa kumat lah bodo",Juniarto Christiawan Hartono,,,,https://play.google.com/store/apps/details?id=com.grabtaxi.passenger&reviewId=eeb5e2cc-c8b6-4a4e-8112-595b7581f677,Negative,INDONESIAN,0.987421919160678,MALAY,0.9748440911905434,3,"bisa, driver, pake",True
3408,android,ph,en,bacf2ffe-0bc7-45b5-b26f-f96dbbd10863,2026-03-20T15:49:36.680Z,2,,Banyak Kali Saya kena....dah order grab dan Saya dah tunggu Lama tapi driver tak action... last grab bagitau yg driver tak Jadi datang ambil. lepas tu sy order lagi...order Baru tambang dalam paparan Harga grab dah Naik. terpaksa Oder Baru. Bila Harga tambang dah Naik barulah grab datang ambil Saya di lokasi Saya. mainan grab yg murahanm,Cius Lapius Sorali,5.397.0,,,https://play.google.com/store/apps/details?id=com.grabtaxi.passenger&reviewId=bacf2ffe-0bc7-45b5-b26f-f96dbbd10863,Negative,MALAY,0.8191436954623598,INDONESIAN,0.638287390924852,4,"dan, driver, jadi, saya",True
3409,android,ph,en,3f7eb830-68e5-4fd5-9c13-b3814c9a7134,2026-03-20T15:28:08.888Z,3,,sekarang aplikasi nyakurang bagus,Famebae,5.401.0,,,https://play.google.com/store/apps/details?id=com.grabtaxi.passenger&reviewId=3f7eb830-68e5-4fd5-9c13-b3814c9a7134,Neutral,INDONESIAN,0.7208162418151034,MALAY,0.4654256942690401,2,"aplikasi, sekarang",True
3411,android,ph,en,c57314b9-6024-4094-bc23-baaf1f60a261,2026-03-20T14:51:34.533Z,2,,"saya harap grab memperjelas kebijakan mengenai grab car premium di Indonesia. Saya pesan grab premium, dalam keterangan diperbolehkan untuk 6 orang, apabila saya membawa bagasi maka hanya 4 orang. saya tidak membawa bagasi, namun ditolak oleh supir dengan alasan grab car premium hanya bisa 4 orang. tolong diperjelas, sebenarnya grab car premium itu bisa untuk 6 orang tidak? kalau memang bisa kenapa saya ditolak, kalau tidak bisa kenapa ada keterangan bisa? Tolong diperbaiki segera.",Yohanes Novandi Setiawan,5.401.0,,,https://play.google.com/store/apps/details?id=com.grabtaxi.passenger&reviewId=c57314b9-6024-4094-bc23-baaf1f60a261,Negative,INDONESIAN,0.9893181866919821,MALAY,0.9786363733839643,7,"bisa, dengan, kalau, saya, tidak, tolong, untuk",True
3417,android,ph,en,43559d8a-098a-4e33-9916-a01cf164d353,2026-03-20T12:52:47.564Z,1,,"WOIII!!!!!!! GUA PESEN MAKANAN DARI JAM 6 SORE, SAMPE JAM 8 MALEM BELOM DAPET DAPET!!!! DAN GABISQ DI CANCEL, TRUS GUA HARUS NUNGGUIN GITUUU!!!! PIKIRRRR PAKEEE OTAK LU!!!!",Lim Xiao Vin,5.401.0,"Halo Kak. Maaf ya buat engga nyaman 🙇‍♀️
Apabila Kakak menemukan kendala pada penggunaan aplikasi Grab Penumpang maka silakan laporkan melalui link https://grb.to/consumeridhelpcenter agar bisa ditindaklanjuti ya. Terima kasih 🙏
",2023-09-27T15:59:31.698Z,https://play.google.com/store/apps/details?id=com.grabtaxi.passenger&reviewId=43559d8a-098a-4e33-9916-a01cf164d353,Negative,INDONESIAN,0.9980935608492846,TAGALOG,0.9961874982547526,2,"belom, dan",True
3464,android,ph,en,9043496e-e839-4225-9f14-86c36a071754,2026-03-19T23:34:52.917Z,1,,"kan jadi males mau pake grab.. drivernya dianggap apa coba, koq tetiba berhentikan orang cari nafkah.. dzolim lu Grab.. walau kejadian di Vietnam, driver tetap lah mitra yang bikin app punya uang, jangan semena-mena lu..",Fadly Usman,5.401.0,,,https://play.google.com/store/apps/details?id=com.grabtaxi.passenger&reviewId=9043496e-e839-4225-9f14-86c36a071754,Negative,MALAY,0.8990653671744039,INDONESIAN,0.7981307343488077,5,"driver, jadi, pake, uang, yang",True
3505,android,ph,en,309d2211-93cf-4214-82e2-6efd2a53ae85,2026-03-19T10:23:35.675Z,2,,"grab harus mulai bisa memilah milah dan membedakan, membatalkan pesanan karena driver sama sekali gak bergerak dan tanpa keterangan walaupun udah chat..atau kita sengàja membatalkan dengan alasan yang lain...jangan semua dipukul rata bakal mendapat driver yang lebih jauh di pemesanan berikutnya...paling tidak ada opsi keterangan lain kenapa dibatalkan bukan dengan opsi2 yang tidak representable..",gery chocolatoz,,,,https://play.google.com/store/apps/details?id=com.grabtaxi.passenger&reviewId=309d2211-93cf-4214-82e2-6efd2a53ae85,Negative,INDONESIAN,0.999999687210602,MALAY,0.9999993744212039,10,"bisa, dan, dengan, driver, gak, karena, pesanan, tidak, udah, yang",True
3506,android,ph,en,a72cab05-6395-4bde-be2f-55e8f33f60a8,2026-03-19T09:58:54.590Z,1,,"harga grabfood dan offline nya masa 2x lipat, ga masuk akal belum lagi ongkir nya udh tinggi",Rian Yunus,5.401.0,,,https://play.google.com/store/apps/details?id=com.grabtaxi.passenger&reviewId=a72cab05-6395-4bde-be2f-55e8f33f60a8,Negative,INDONESIAN,0.8910536908772502,MALAY,0.7977345480984996,2,"belum, dan",True
3523,android,ph,en,359b1451-fa0d-4810-9ebf-edb6cda2079d,2026-03-19T04:02:10.171Z,1,,"1, bị trừ tiền vì tài xế hủy chuyến dù tôi đã nói là đang từ sân bay ra, gởi cả hình chụp. 2, block tài xế quá đáng khi anh ta post hành khách đe dọa anh ta lên mạng xã hội.",Quốc Trạng Nguyễn,5.401.0,,,https://play.google.com/store/apps/details?id=com.grabtaxi.passenger&reviewId=359b1451-fa0d-4810-9ebf-edb6cda2079d,Negative,MALAY,0.7087267578187482,TAGALOG,0.4174535156375048,0,,True
3526,android,ph,en,2e2feb91-ff7f-4358-89c8-a18c01dcf69d,2026-03-19T03:49:22.619Z,3,,"Chatbot sampah. Mau cancel order krn resto tutup, status online. Driver ga mau/berani cancel, mungkin takut rating turun. Contact Grab, disambut chatbot. Terus diputar2 tanpa solusi.",K Krisno,5.399.0,,,https://play.google.com/store/apps/details?id=com.grabtaxi.passenger&reviewId=2e2feb91-ff7f-4358-89c8-a18c01dcf69d,Neutral,INDONESIAN,0.9934404297211945,MALAY,0.9868867435383175,2,"driver, krn",True
3539,android,ph,en,6f5b347f-f609-48ef-950e-a9395e91c0c2,2026-03-18T22:24:10.507Z,3,,"makin kesini makin menjadi"" aplikasi susah nyari driver",Eliezer Aryapranata,,,,https://play.google.com/store/apps/details?id=com.grabtaxi.passenger&reviewId=6f5b347f-f609-48ef-950e-a9395e91c0c2,Neutral,INDONESIAN,0.5053406618153123,MALAY,0.03954997962422119,3,"aplikasi, driver, makin",True
3569,android,ph,en,199bbbed-4d5b-4604-b11a-b1ebcab913f0,2026-03-18T08:28:59.549Z,1,,apps yg myusahkan..service bodo punya apps dua jam tunggu diaorg xupdte restaurant tutup..kbnykkn restaurnt tutup tapi pmbayaran diambil..sepatutnya kau updte la tutup ke x ke...pastu REFUND SMPAI SKRG XDPT..HANAT BTUL,Lolaleo fey,,,,https://play.google.com/store/apps/details?id=com.grabtaxi.passenger&reviewId=199bbbed-4d5b-4604-b11a-b1ebcab913f0,Negative,INDONESIAN,0.999996237242708,MALAY,0.9999924744854161,0,,True
3605,android,ph,en,79c4fac2-1feb-4236-8552-cc7500b9b364,2026-03-17T21:56:33.622Z,1,,sa thải tài xế vì khách doạ đánh tài xế,tiến đạt hoàng,,,,https://play.google.com/store/apps/details?id=com.grabtaxi.passenger&reviewId=79c4fac2-1feb-4236-8552-cc7500b9b364,Negative,INDONESIAN,0.7373687571553299,TAGALOG,0.569738165860509,0,,True
3608,android,ph,en,89bb34fb-9366-49c1-927d-020c0db135f0,2026-03-17T15:47:11.390Z,1,,"aplikasi aneh, titik otomatis ga sesuai gabisa dibatalin lagi, ga worth",Robiatul Adawiyah,5.400.0,,,https://play.google.com/store/apps/details?id=com.grabtaxi.passenger&reviewId=89bb34fb-9366-49c1-927d-020c0db135f0,Negative,INDONESIAN,0.785485335163861,MALAY,0.5928292015369583,2,"aplikasi, sesuai",True
3609,android,ph,en,f4463d30-60da-4c83-9570-87c372888690,2026-03-17T15:25:52.815Z,1,,gatau harus komplen kemana tapi sumpah ya grab pas aku lagi butuh2nya cape2nya 1 setengah jam dari jam 9 malem sampe setengah 11 malem semua driver cancel pas udah deket lokasi jemput. kalo emang gabisa kenapa ga cancel dari awal jdi gaperlu nunggu lama. aku ga enak cancel driver mereka yg seenaknya cancel pas orang udah nunggu lama. orang cape tambah cape,Fajria Ramadanty Putri,5.399.0,,,https://play.google.com/store/apps/details?id=com.grabtaxi.passenger&reviewId=f4463d30-60da-4c83-9570-87c372888690,Negative,INDONESIAN,0.9984923645939726,MALAY,0.9969847291879452,3,"driver, kalo, udah",True
3614,android,ph,en,9359f98a-4adc-41b3-ad2a-627e20abba7e,2026-03-17T13:50:31.552Z,5,,balik keja penat nk mkn berat dah malam so mkn ais cream dgn teh boba... jgn lupa mixu dekat tempat anda,Emy Ezrol,5.389.0,,,https://play.google.com/store/apps/details?id=com.grabtaxi.passenger&reviewId=9359f98a-4adc-41b3-ad2a-627e20abba7e,Positive,INDONESIAN,0.6788923879422819,MALAY,0.4189749357213096,0,,True
3615,android,ph,en,3e328e63-6f34-4d99-820f-290b53ff30ff,2026-03-17T13:25:35.669Z,1,,"gabisa cancel orderan kadang bisa nunggu berjam jam, kadang salah order kadang ga sengaja pencet kepake diskon langsung harganya mahal",Brandon,5.401.0,,,https://play.google.com/store/apps/details?id=com.grabtaxi.passenger&reviewId=3e328e63-6f34-4d99-820f-290b53ff30ff,Negative,INDONESIAN,0.828443528224101,MALAY,0.6570875421203675,2,"bisa, diskon",True
3617,android,ph,en,0c74acdd-011e-4b0d-8eaf-28777a94b9ee,2026-03-17T12:24:28.217Z,1,,ovo gabisa dipake pdhl ada saldonya. ga guna emang!!!,Dita Dwi Prastiwi,5.401.0,,,https://play.google.com/store/apps/details?id=com.grabtaxi.passenger&reviewId=0c74acdd-011e-4b0d-8eaf-28777a94b9ee,Negative,INDONESIAN,0.7223144502576571,TAGALOG,0.549199155201475,0,,True
3625,android,ph,en,f991caad-30bc-40fd-afe6-43737bc9b516,2026-03-17T10:28:59.796Z,1,,"sejak tahun 2026, sepertinya susah banget dapat driver. sering dikerjai driver, udah di chat baik-baik dan tanya apa bisa antar. Di jawab ama driver ""akan dijemput, mohon untuk menunggu"", tapi abis itu ngga dijemput dan bisa tiba-tiba dicancel. Jadi mohon pihak Grab harus memberikan sangsi kepada driver seperti ini dan tolong selesaikan juga permasalahan internal Grab dan Driver juga, jangan konsumen yang jadi korban.",GX Liang,5.401.0,,,https://play.google.com/store/apps/details?id=com.grabtaxi.passenger&reviewId=f991caad-30bc-40fd-afe6-43737bc9b516,Negative,INDONESIAN,0.9899905671493777,MALAY,0.9799811342987554,9,"banget, bisa, dan, driver, jadi, tolong, udah, untuk, yang",True
3628,android,ph,en,337f9e05-df87-4fb1-9fe2-102dc767b3ab,2026-03-17T09:34:31.263Z,1,,whyyy kok gaada kota akuuu gresik,nana syabila,5.401.0,,,https://play.google.com/store/apps/details?id=com.grabtaxi.passenger&reviewId=337f9e05-df87-4fb1-9fe2-102dc767b3ab,Negative,MALAY,0.6534655247959863,INDONESIAN,0.42284601042294834,0,,True
3636,android,ph,en,00191ec6-1a39-4914-b846-f98dd3180913,2026-03-17T06:47:36.300Z,5,,terbaik giler appp niii semuanya bagus giler aku suka sangat🫶♥️🥺🤍💙,Zaidatul Hidayu,,,,https://play.google.com/store/apps/details?id=com.grabtaxi.passenger&reviewId=00191ec6-1a39-4914-b846-f98dd3180913,Positive,INDONESIAN,0.82995869581864,MALAY,0.6605632369819199,0,,True
3643,android,ph,en,55c28185-7c78-4b35-9bfa-2444695dd1ab,2026-03-17T00:32:31.213Z,1,,"Perkhidmatan pelanggan yang paling teruk setakat hari ini. Bila menghadapi sebarang isu, perlu menggunakan robot chat. Jawapan yang diberikan tidak menjawap permasalahan. Pilihan jawapan disediakan tidak memenuhi kehendak dan tidak menyelesaikan masalah. Menyebabkan rasa tertekan sepanjang proses mendapatkan maklumbalas. Walaupun jawapan yang diberikan tidak menyelesaikan masalah, perkhidmatan pelanggan tetap menghantar mesej "" Your issues has been resolved"".",Jay-coreaspire,5.107.0,,,https://play.google.com/store/apps/details?id=com.grabtaxi.passenger&reviewId=55c28185-7c78-4b35-9bfa-2444695dd1ab,Negative,MALAY,0.999999999999284,INDONESIAN,0.999999999998568,3,"dan, tidak, yang",True
3647,android,ph,en,2104f0cd-eff0-4837-a55a-01e693211897,2026-03-16T22:03:14.840Z,1,,"tombol cancel kehalang banner, saya mau cancel malah kepencet banner merah, saya ga bisa cancel sama sekali, yg desain aplikasi tolong di benerin, emg otak rakus kikir doang",NIVORTHYxPEPSI 44,5.401.0,,,https://play.google.com/store/apps/details?id=com.grabtaxi.passenger&reviewId=2104f0cd-eff0-4837-a55a-01e693211897,Negative,INDONESIAN,0.999781258435891,MALAY,0.9995625168717822,5,"aplikasi, bisa, malah, saya, tolong",True
3661,android,ph,en,ed920169-a184-48a4-8343-9e538079d5ea,2026-03-16T13:13:36.940Z,1,,tolong tambahkan fitur batalkan pesanan saat menunggu driver,Yeni Purnantasari,5.401.0,,,https://play.google.com/store/apps/details?id=com.grabtaxi.passenger&reviewId=ed920169-a184-48a4-8343-9e538079d5ea,Negative,INDONESIAN,0.7100030257738251,MALAY,0.4202856370847514,3,"driver, pesanan, tolong",True
3664,android,ph,en,8cfe6bda-0b48-4a8a-b9c0-71a20e3231eb,2026-03-16T12:08:36.773Z,1,,"SANGAT BURUK. SAYA BERKALI2 PESAN METODE BAYAR SUPERBANK, SALDO SAYA TERPOTONG TAPI TRANSAKSI GAGAL TERUS",vinaa,,,,https://play.google.com/store/apps/details?id=com.grabtaxi.passenger&reviewId=8cfe6bda-0b48-4a8a-b9c0-71a20e3231eb,Negative,INDONESIAN,0.9139268246410553,MALAY,0.8289383430968132,1,saya,True
3673,android,ph,en,1195a365-4c68-43e4-8184-7727190d3a25,2026-03-16T10:32:57.630Z,1,,"sangat lama proses pencarian drivernya, penurunan kualitas",amirul ihsan,5.389.0,,,https://play.google.com/store/apps/details?id=com.grabtaxi.passenger&reviewId=1195a365-4c68-43e4-8184-7727190d3a25,Negative,INDONESIAN,0.7274275469297188,MALAY,0.45870238015538173,0,,True
3674,android,ph,en,55a7a51d-7e0b-46da-9d05-6783e77adf33,2026-03-16T10:01:17.425Z,1,,"Saya menunggu hampir 2 jam, lalu tiba-tiba di cancel oleh Grab karena 'tidak ada driver'. Kenapa tidak di cancel dari awal saja daripada nunggu 2 jam ? Mending hapus saja OVO, atau semua yang terafiliasi Grab, sistem sampah tidak menghargai waktu orang.",Tadoshka,5.386.0,,,https://play.google.com/store/apps/details?id=com.grabtaxi.passenger&reviewId=55a7a51d-7e0b-46da-9d05-6783e77adf33,Negative,MALAY,0.9282282659397987,INDONESIAN,0.8564565318795975,5,"driver, karena, saya, tidak, yang",True
3680,android,ph,en,2272e0e7-6ab7-4d63-ba47-36cda31663b4,2026-03-16T08:46:28.522Z,1,,kalau pesan makanan posesnya lama banget entah kenapa ya pihak restoran kh atau pihak grab kh yang lemot bingung deh pokoknya males banget kalau udah pake grab buat pesan makan auto lemes dulu baru nyampe tu pesanannya. 😒😒,Jean Nasadit,,,,https://play.google.com/store/apps/details?id=com.grabtaxi.passenger&reviewId=2272e0e7-6ab7-4d63-ba47-36cda31663b4,Negative,INDONESIAN,0.9844555780732351,MALAY,0.9689111561464702,5,"banget, kalau, pake, udah, yang",True
3688,android,ph,en,6f93a8ad-f7fd-4fc9-a62d-7e43ab128c4b,2026-03-16T06:56:41.164Z,1,,Ngasih promosi pengantaran hemat tapi pelanggan DIKERJAI sampe 3-4 jam makanan baru sampe. Cepat bangkrut kalau cara bisnisnya penuh kecurangan seperti itu.,Cara Negra,,,,https://play.google.com/store/apps/details?id=com.grabtaxi.passenger&reviewId=6f93a8ad-f7fd-4fc9-a62d-7e43ab128c4b,Negative,INDONESIAN,0.9985168871432689,MALAY,0.9970337742865378,1,kalau,True
3696,android,ph,en,658c91fd-26b9-4c1b-a410-17f326518f7c,2026-03-16T06:00:32.490Z,1,,sekarang harganya sangat mahal.,075_Kislew_Thabita_Nainggolan,5.401.0,,,https://play.google.com/store/apps/details?id=com.grabtaxi.passenger&reviewId=658c91fd-26b9-4c1b-a410-17f326518f7c,Negative,INDONESIAN,0.6560260799647305,MALAY,0.3415757310518408,1,sekarang,True
3697,android,ph,en,f35c5a4f-db20-40fb-b717-ba4374615d19,2026-03-16T05:54:55.962Z,3,,"biaya pengiriman yg dibebankan ke customer Mahal sekitar 25.000, tp driver hanya dpt sekitar 7.000..Gmn ini aplikasinya kok begitu, kasian driver nya...",Joana Asih Wulansari,5.400.0,,,https://play.google.com/store/apps/details?id=com.grabtaxi.passenger&reviewId=f35c5a4f-db20-40fb-b717-ba4374615d19,Neutral,INDONESIAN,0.8806735246180611,MALAY,0.7614283583746392,1,driver,True
3713,android,ph,en,68ef04f9-2e8c-4586-99d8-c5223659324b,2026-03-16T00:28:22.711Z,2,,"app cukup berat, lambat, apalagi ditambah konflik aplikator dan driver menyebabkan pengabaian kebutuhan konsumen",Lukas Supandi,5.401.0,,,https://play.google.com/store/apps/details?id=com.grabtaxi.passenger&reviewId=68ef04f9-2e8c-4586-99d8-c5223659324b,Negative,INDONESIAN,0.9133721598236451,MALAY,0.8270198853657085,2,"dan, driver",True
3715,android,ph,en,433f10b3-968e-418c-9630-7033a3673994,2026-03-15T22:36:46.885Z,2,,"grab sebelum ni harga murah je sey , tetiba makin lama makin mahal eh ?!?? harga tak masuk akal kau bagi . selalunya kena bayar around rm11/rm12 paling mahal pon rm15 la eh ni naik sampai rm25 kenapa ?? jauh tau beza harganya . nak cakap jammed tak juga , biasa je traffic tu . tak boleh ubah ke harga you ni grab ?? bagi la yang masuk akal sikit .",lisaqy,5.399.0,,,https://play.google.com/store/apps/details?id=com.grabtaxi.passenger&reviewId=433f10b3-968e-418c-9630-7033a3673994,Negative,MALAY,0.998875022163672,INDONESIAN,0.9977500443273438,2,"makin, yang",True
3717,android,ph,en,d0952a26-fe2f-4f9d-b10c-4db1d466bb84,2026-03-15T21:44:49.122Z,1,,"aplikasi nya terlalu berat. terlalu banyak hal hal fitur yg tdk penting, tdk compact dan simple. alamat susah di cari..",SHELA W,5.401.0,,,https://play.google.com/store/apps/details?id=com.grabtaxi.passenger&reviewId=d0952a26-fe2f-4f9d-b10c-4db1d466bb84,Negative,INDONESIAN,0.6903238774873955,MALAY,0.3983137544479994,2,"aplikasi, dan",True
3732,android,ph,en,2aee724f-a0b8-431d-8270-ce74a52c7b5d,2026-03-15T13:30:47.981Z,1,,Orderan makanan saya nyangkut di vendor. Tidak bisa dibatalkan. Vendor tidak bisa dikontak. Help center grab tidak mengangkat telepon saya.,Johan Wasana Tama,5.401.0,,,https://play.google.com/store/apps/details?id=com.grabtaxi.passenger&reviewId=2aee724f-a0b8-431d-8270-ce74a52c7b5d,Negative,INDONESIAN,0.8145036743601437,MALAY,0.6349788422068408,3,"bisa, saya, tidak",True
3734,android,ph,en,6625904c-0d52-46d4-8940-c99bffe232d2,2026-03-15T13:06:50.823Z,1,,"Bingung, belakangan ini ngasih driver jauh jauh padahal banyak yang dekat.",khusus joox,5.401.0,,,https://play.google.com/store/apps/details?id=com.grabtaxi.passenger&reviewId=6625904c-0d52-46d4-8940-c99bffe232d2,Negative,INDONESIAN,0.707179385955184,MALAY,0.42239505375927056,2,"driver, yang",True
3735,android,ph,en,b935770d-87e0-423c-ae32-0f95611e3e05,2026-03-15T13:00:47.200Z,1,,grabfood selad alaska pedan udh nunggu sejam lbh mlh dicancel,Roni Andriana,,,,https://play.google.com/store/apps/details?id=com.grabtaxi.passenger&reviewId=b935770d-87e0-423c-ae32-0f95611e3e05,Negative,INDONESIAN,0.8731605855007416,MALAY,0.7865723182507648,0,,True
3745,android,ph,en,99398bcf-1f1e-4552-8f27-c7d84eefd01e,2026-03-15T12:00:14.162Z,1,,"mesen makanan uda tunggu lama bgt, trnyta di cancel sama pihak grab sendiri karena katanya tidak ada driver. jadinya harus mesen ulang lgi dan skrg harus nunggu lebih lama lagi. edit: setelah mesen ulang lgi, uda tunggu sejam lebih and guess what? di cancel lagi. kalau di total' uda 2 jam nunggu dan dua'nya di cancel dri pihak grab sendiri.",Queen m.d,5.400.0,,,https://play.google.com/store/apps/details?id=com.grabtaxi.passenger&reviewId=99398bcf-1f1e-4552-8f27-c7d84eefd01e,Negative,INDONESIAN,0.9999982398512469,MALAY,0.9999964797024938,5,"dan, driver, kalau, karena, tidak",True
3752,android,ph,en,45daf39d-1871-4d61-be1c-5d4004c66b33,2026-03-15T10:43:10.300Z,1,,"kacau banget beberapa kali grab food, dibatalin setelah nunggu lama. dipikir waktu kita ga penting, diulur-ulur tiba-tiba dia yang cancel.",A Google user,5.396.0,,,https://play.google.com/store/apps/details?id=com.grabtaxi.passenger&reviewId=45daf39d-1871-4d61-be1c-5d4004c66b33,Negative,INDONESIAN,0.836644609543343,MALAY,0.6736962786621515,2,"banget, yang",True
3754,android,ph,en,17538360-0257-4068-9047-1ef56f477d5f,2026-03-15T10:32:50.818Z,1,,"kami customer gk bisa asal batalkan. Sedangkan kalian bisa batalin kapan aja, kok kalian gk ngehargain waktu kami customer sih. Saya udah mesan dari jam 3. Terus di cancel jam 5. Kenapa gk dari jam 4 tadi. Kenapa nanti jam 5 baru kalian cancel. Ketika harga ongkir sudah naik?",Bong Bongie,5.401.0,,,https://play.google.com/store/apps/details?id=com.grabtaxi.passenger&reviewId=17538360-0257-4068-9047-1ef56f477d5f,Negative,INDONESIAN,0.9835799304053665,MALAY,0.967159860810733,4,"bisa, saya, sudah, udah",True
3756,android,ph,en,1c854978-29ea-46e0-b41d-0e6b37f1a6d4,2026-03-15T10:03:15.294Z,3,,"saya suka dengan fasilitas dan fitur grab, cuma satu hal yang bikin kesal dari dulu. waktu untuk cancel order sebaiknya dikurangi. pembeli masa harus nunggu lebih dari 1 jam untuk cancel order yang ga dapet2 juga drivernya? pernah ditunggu sampe 2 jam oun juga engga dapet tuh. mungkin bisa diubah ke 30 atau 40 menit saja...",Shienny Flo,5.400.0,,,https://play.google.com/store/apps/details?id=com.grabtaxi.passenger&reviewId=1c854978-29ea-46e0-b41d-0e6b37f1a6d4,Neutral,INDONESIAN,0.9999810387390953,MALAY,0.9999620774781905,7,"bisa, cuma, dan, dengan, saya, untuk, yang",True
3769,android,ph,en,da10cca9-0b2f-48e2-89c9-6c8f4607da15,2026-03-15T06:21:02.136Z,5,,Fungsi: Aplikasi e-hailing dan penghantaran makanan. Kelebihan: Memudahkan tempahan kenderaan dan penghantaran makanan dalam satu aplikasi. Kekurangan: Harga boleh meningkat semasa waktu puncak. Kesimpulan: Memudahkan kehidupan harian terutama di kawasan bandar.,Christine Ferdricko,5.397.0,,,https://play.google.com/store/apps/details?id=com.grabtaxi.passenger&reviewId=da10cca9-0b2f-48e2-89c9-6c8f4607da15,Positive,MALAY,0.9999371660672537,INDONESIAN,0.9998743321345075,2,"aplikasi, dan",True
3793,android,ph,en,8a18ea41-fda4-4773-9e60-89ecb77a305f,2026-03-15T00:49:04.754Z,1,,"Jadi aplikator jgn serakah, ga usah bebanin biaya ini itu yg memberatkan driver. Ga ada driver, u yang empunya sistem Grab jg ga akan untung. Kalau adain program hemat, tolong yang ikhlas, CS ambil hemat ya wajar toh ada pilihannya di apk, tapi driver u pada ga terima karena promo ini berasal dari biaya yang mereka bayar ke aplikator, ujung2nya driver komplain ke CS, CS terbengkalai, padahal CS bayar hemat jg ga hemat2 bgt karena perang harga, harga naik berkali2 lipat. Tlog diperbaiki sistemnya",San San,5.401.0,,,https://play.google.com/store/apps/details?id=com.grabtaxi.passenger&reviewId=8a18ea41-fda4-4773-9e60-89ecb77a305f,Negative,INDONESIAN,0.9999999572676124,MALAY,0.9999999145352247,6,"driver, jadi, kalau, karena, tolong, yang",True
3803,android,ph,en,8385965f-da4c-4d44-99eb-49d0a3fb30a2,2026-03-14T18:29:00.963Z,1,,"KECEWA SAMA GRAB, LAYANAN MAKIN BURUK DAN MANAJEMEN KACAW. LAMA LAMA GA DIPAKE JG LU GRAB",Afara yey,,,,https://play.google.com/store/apps/details?id=com.grabtaxi.passenger&reviewId=8385965f-da4c-4d44-99eb-49d0a3fb30a2,Negative,INDONESIAN,0.9105560979064583,MALAY,0.8237628372210564,2,"dan, makin",True
3810,android,ph,en,b0567337-3e48-462e-83db-200f9126bb68,2026-03-14T14:55:41.157Z,1,,1. Hape ga silent mode. 2. Setting notifikasi untuk aplikasi grab udah aktif. Kenapa ini aplikasi ga bisa ngasih notif saat hp terkunci? Aplikasi primitif. Masa harus dibuka mulu untuk notifikasi. Pesanan saya jadi hilang entah siapa yang menerima. Ga sadar pesanan datang tapi ga ada notifikasi.,Rahmat Hiroyuki,5.401.0,,,https://play.google.com/store/apps/details?id=com.grabtaxi.passenger&reviewId=b0567337-3e48-462e-83db-200f9126bb68,Negative,INDONESIAN,0.9999889266262572,MALAY,0.9999778532525143,8,"aplikasi, bisa, jadi, pesanan, saya, udah, untuk, yang",True
3821,android,ph,en,f4755c2c-e60d-4e38-b8ea-07154319ca27,2026-03-14T13:16:08.164Z,1,,"beberapa hari ini susah sekali dpt grabfood yg anter dan grabcar, jadi kasih bintang 1",Muhammad Wahyu,,,,https://play.google.com/store/apps/details?id=com.grabtaxi.passenger&reviewId=f4755c2c-e60d-4e38-b8ea-07154319ca27,Negative,INDONESIAN,0.8313565291212174,MALAY,0.6710662892490218,2,"dan, jadi",True
3823,android,ph,en,c2623723-0e28-41e1-ac2b-f78fd5431728,2026-03-14T12:33:41.252Z,1,,"Pesen makanan lama sekali, kalau memang tidak ada driver langsng info saja 30 menit setelah order, jd gak kelamaan nunggu 😅",PI,5.401.0,,,https://play.google.com/store/apps/details?id=com.grabtaxi.passenger&reviewId=c2623723-0e28-41e1-ac2b-f78fd5431728,Negative,MALAY,0.5259278670541994,INDONESIAN,0.05191802089473524,4,"driver, gak, kalau, tidak",True
3829,android,ph,en,1f0cda35-85c4-46c7-ac3d-f184cc77fec6,2026-03-14T12:00:37.650Z,1,,"grabfood nya giliran di order ga bisa cancel. giliran udh nunggu lama dirumah, grab bisa cancelin sendiri orderan kita tanpa alasan.",Erwin Tanto,5.400.0,,,https://play.google.com/store/apps/details?id=com.grabtaxi.passenger&reviewId=1f0cda35-85c4-46c7-ac3d-f184cc77fec6,Negative,INDONESIAN,0.9205136857695724,MALAY,0.8507936372080924,1,bisa,True
3830,android,ph,en,3c1a828f-3a49-4203-9018-0796aba50a94,2026-03-14T12:00:21.424Z,1,,customer service robot semua? AI nya ngomong muter muter doang kalo gak siap pake AI Mending gak usah,Kelvin Indra,5.401.0,,,https://play.google.com/store/apps/details?id=com.grabtaxi.passenger&reviewId=3c1a828f-3a49-4203-9018-0796aba50a94,Negative,INDONESIAN,0.843551877586591,MALAY,0.7356256010001853,3,"gak, kalo, pake",True
3836,android,ph,en,4aa403dd-0e6d-4cd4-9a58-9dc74929342b,2026-03-14T11:05:37.513Z,3,,"aplikasinya berat banget, udah diupdate malah lag di home gak bisa cek activity status",Retno Ayu Garini,5.401.0,,,https://play.google.com/store/apps/details?id=com.grabtaxi.passenger&reviewId=4aa403dd-0e6d-4cd4-9a58-9dc74929342b,Neutral,INDONESIAN,0.8256020299251023,MALAY,0.6842613647332194,5,"banget, bisa, gak, malah, udah",True
3841,android,ph,en,87dc44ee-a3f1-44cb-b966-21780ed822d7,2026-03-14T10:09:31.491Z,1,,"driver di sekitar banyak,diambil pun engga orderannya. sekalinya dapet disuruh nunggu belasan menit. mending pake aplikasi lain.",Rou Ging,5.401.0,,,https://play.google.com/store/apps/details?id=com.grabtaxi.passenger&reviewId=87dc44ee-a3f1-44cb-b966-21780ed822d7,Negative,INDONESIAN,0.8037105090094688,MALAY,0.6075380157514043,3,"aplikasi, driver, pake",True
3842,android,ph,en,ec0ab931-69e9-43ad-8a2e-caf8042a5215,2026-03-14T09:52:43.480Z,4,,"plis grab kurang kurangin notifnya :) berisik bgt dengernya. dimatiin nanti gbs denger driver masuk, dinyalain spam nya astaga",kiky,,,,https://play.google.com/store/apps/details?id=com.grabtaxi.passenger&reviewId=ec0ab931-69e9-43ad-8a2e-caf8042a5215,Positive,INDONESIAN,0.7375644856067762,MALAY,0.4775604619959995,1,driver,True
3848,android,ph,en,92332eeb-3de5-4a83-8b50-6eee090e5fe4,2026-03-14T08:08:54.340Z,3,,tolong klo ga dpet dpet driver nya ampe 15 mnt lebih bisain cancel lah ga rispek udh mau berangkat mau cancel tapi ga bisa,Renn,5.400.0,,,https://play.google.com/store/apps/details?id=com.grabtaxi.passenger&reviewId=92332eeb-3de5-4a83-8b50-6eee090e5fe4,Neutral,INDONESIAN,0.5005810819242584,MALAY,0.11367407697997084,3,"bisa, driver, tolong",True
3850,android,ph,en,64e02a74-3534-4853-b3a4-a6b7f179663a,2026-03-14T07:16:37.470Z,5,,Mudah digunakan. Sangat berguna untuk order makanan dan booking rides.,Kai Nizam,5.399.0,,,https://play.google.com/store/apps/details?id=com.grabtaxi.passenger&reviewId=64e02a74-3534-4853-b3a4-a6b7f179663a,Positive,INDONESIAN,0.6533534193791398,MALAY,0.3076840784690193,2,"dan, untuk",True
3860,android,ph,en,fdefb4c2-6757-408e-b742-97dbedd05500,2026-03-14T06:16:11.760Z,1,,"aplikasi dongo, belum login udah minta alamat, login dulu mau order baru minta alamat.",Anwar Mubarok,5.401.0,,,https://play.google.com/store/apps/details?id=com.grabtaxi.passenger&reviewId=fdefb4c2-6757-408e-b742-97dbedd05500,Negative,INDONESIAN,0.5963110321575836,MALAY,0.22476068813717798,3,"aplikasi, belum, udah",True
3870,android,ph,en,7b3a44b5-20b2-4180-af2e-bac4284d9feb,2026-03-14T04:07:43.574Z,2,,"Makin ke sini pelayannnya makin jelek. Driver ngambil orderan sesuka hati, sikapnya banyak yang jelek, banyak juga yang ngelanggar lalu lintas. Trus sekarang pake sistem rating pelanggan juga biar apa? Nyusahin. Mau sampe kapan tutup telinga sama mata krna hal² sekecil ini sih?! Pengelola sdmnya gimana? Driver ga becus ko bisa lolos, dr pihak aplikasi juga ga ada tindakan untuk para drivernya yang emang niat mau kerja. Masalah yang terus berulang, apa gak bosen kalian?",Rifa Aulia,5.401.0,,,https://play.google.com/store/apps/details?id=com.grabtaxi.passenger&reviewId=7b3a44b5-20b2-4180-af2e-bac4284d9feb,Negative,INDONESIAN,0.9999995700150212,MALAY,0.9999991400300423,10,"aplikasi, bisa, driver, gak, jelek, makin, pake, sekarang, untuk, yang",True
3871,android,ph,en,528dfdce-071d-4180-b4a4-f3e8ba05b480,2026-03-14T04:00:43.363Z,1,,"potongan untuk driver dan restoran terlalu besar, aplikasi ini kejam...",Rifki Choki Cahyadi,5.400.0,,,https://play.google.com/store/apps/details?id=com.grabtaxi.passenger&reviewId=528dfdce-071d-4180-b4a4-f3e8ba05b480,Negative,MALAY,0.5654377971546544,INDONESIAN,0.13298982203914844,4,"aplikasi, dan, driver, untuk",True
3875,android,ph,en,1b94699e-6aeb-41fc-a167-5877cc0c7bed,2026-03-14T02:58:47.598Z,3,,"cb sistem diupdate sehingga driver yg ngeyel ga mau ambil di rating jelek aja, kek udh lama"" nunggu tp ga di chat ato apa sama drivernya jd nyangkut",Bobby Fajar C.,5.400.0,,,https://play.google.com/store/apps/details?id=com.grabtaxi.passenger&reviewId=1b94699e-6aeb-41fc-a167-5877cc0c7bed,Neutral,INDONESIAN,0.8552341448624515,MALAY,0.7338950297070376,2,"driver, jelek",True
3878,android,ph,en,8b3f8f17-a4ec-4b94-ac90-bec74e7fc96e,2026-03-14T01:46:57.164Z,2,,"bulan puasa driver grab pada malas ,order udh nyantol dibiarin ga gerak,ga balas chat ,chat alasan jauh belum isi bensin ,baru narik,ga ada order arah balik dll. shame on you.",Vita Kalalo,5.401.0,,,https://play.google.com/store/apps/details?id=com.grabtaxi.passenger&reviewId=8b3f8f17-a4ec-4b94-ac90-bec74e7fc96e,Negative,INDONESIAN,0.8813532851868336,MALAY,0.7627065703803666,2,"belum, driver",True
3893,android,ph,en,0383e2aa-f352-443e-a656-17fe8c75e2ab,2026-03-13T15:28:51.703Z,1,,"Permasalahan Penyedia Jasa Aplikasi ini dengan Mitra Drivernya Kacau tapi Pelanggan yang di Korbankan, payah..",Dhadia Racka,5.400.0,,,https://play.google.com/store/apps/details?id=com.grabtaxi.passenger&reviewId=0383e2aa-f352-443e-a656-17fe8c75e2ab,Negative,INDONESIAN,0.538373044964166,MALAY,0.07701647892913827,3,"aplikasi, dengan, yang",True
3908,android,ph,en,53abbb0e-aaf4-44cc-a1b9-86da63b70ed7,2026-03-13T12:06:24.316Z,1,,Jika memang mau cancel order makanan at least 30 mnt setelah pemesanan dong ga bikin nunggu 1 jam mana ganti rugi cuma 9k buat bayar apa 9k,Richie Olajuwon Santoso,,,,https://play.google.com/store/apps/details?id=com.grabtaxi.passenger&reviewId=53abbb0e-aaf4-44cc-a1b9-86da63b70ed7,Negative,INDONESIAN,0.7247340347047426,MALAY,0.45339720605910877,1,cuma,True
3909,android,ph,en,3101da05-2675-4009-a95a-45413d1cb752,2026-03-13T11:43:46.141Z,1,,"Pesan jam 18 an kurang lebih, estimasi tiba 2 jam. Dibatalkan tidak bisa. Saya tau ini bulan puasa, tapi gak gitu juga caranya. Gak semua supirmu islam, gak semua muslim puasa. Dan apa grab yakin dalam 2 jam itu SEMUA supir tidak mau kerja? Kalau iya, matikan aplikasi kan beres!",Indra M,5.400.0,,,https://play.google.com/store/apps/details?id=com.grabtaxi.passenger&reviewId=3101da05-2675-4009-a95a-45413d1cb752,Negative,INDONESIAN,0.9314706939787594,MALAY,0.8629413879575187,7,"aplikasi, bisa, dan, gak, kalau, saya, tidak",True
3911,android,ph,en,4994101a-47ee-4485-b47c-bfa5bab34ad4,2026-03-13T11:32:45.910Z,1,,"Buruk banget belakang ini layanannya, udah nungguin lama makanannya ga dateng dateng ujungnya di batalin sama system... bro, ini bukan tentang uang tapii waktu yang terbuang sia sia. Tolong diperbaiki lagi lah",Quennel Damairo Alkasyah,5.400.0,,,https://play.google.com/store/apps/details?id=com.grabtaxi.passenger&reviewId=4994101a-47ee-4485-b47c-bfa5bab34ad4,Negative,INDONESIAN,0.9800687957857834,MALAY,0.9601375915715668,5,"banget, tolong, uang, udah, yang",True
3915,android,ph,en,0d74c78e-2f0b-41f2-9cf1-04f549a7ac5f,2026-03-13T11:04:46.170Z,1,,"jarak sama drivernya selalu kejauhan, pdhl ada driver yg deket bgt",Elsyadai Valentine,5.400.0,,,https://play.google.com/store/apps/details?id=com.grabtaxi.passenger&reviewId=0d74c78e-2f0b-41f2-9cf1-04f549a7ac5f,Negative,INDONESIAN,0.6917610404246299,MALAY,0.40609391485055435,1,driver,True
3917,android,ph,en,4102564a-a2f0-40fc-9ca4-61cada884413,2026-03-13T10:41:28.855Z,1,,"Pelayanan sangat buruk, 2 kali order di hari yang berbeda selalu dicancel, complaint ke cs malah gaada solusi. buruk seburuk buruknya aplikasi",Ahmad Wildan,,,,https://play.google.com/store/apps/details?id=com.grabtaxi.passenger&reviewId=4102564a-a2f0-40fc-9ca4-61cada884413,Negative,INDONESIAN,0.9080085230603769,MALAY,0.8165608564181994,3,"aplikasi, malah, yang",True
3920,android,ph,en,01ef79b8-27bd-4f8c-95a6-3da86f0aab4b,2026-03-13T10:28:35.920Z,2,,"Bikin fitur prioritas tapi ga ada yg mau ngambil orderan. Udah gitu cancel harus ke CS. CSnya AI, buat kontak manusia harus ngelewatin kegoblokan AI. Mau lu apa sih? Sok2an kasi promo harganya sama pengiriman standar, dihighlight2 biar diklik ama user, sekalinya diklik, bego. Pantes lu rugi terus. Berapa orang naik gaji habis buat fitur gaguna ini?",Stereo Swift,5.400.0,,,https://play.google.com/store/apps/details?id=com.grabtaxi.passenger&reviewId=01ef79b8-27bd-4f8c-95a6-3da86f0aab4b,Negative,INDONESIAN,0.9999401023401786,MALAY,0.9998802046803572,1,udah,True
3926,android,ph,en,53f8e5c6-327c-4ee7-bb80-efa988b1beca,2026-03-13T09:49:53.672Z,1,,"Gue udah berkali kali order makan - nungguin lama - dicancel sepihak karena ga ada driver, driver lu pada kemana sih",Putri G,5.401.0,,,https://play.google.com/store/apps/details?id=com.grabtaxi.passenger&reviewId=53f8e5c6-327c-4ee7-bb80-efa988b1beca,Negative,INDONESIAN,0.8933516939740291,MALAY,0.8004254978849996,3,"driver, karena, udah",True
3930,android,ph,en,1ddd7716-7131-4601-a324-ef0d722d2996,2026-03-13T09:21:48.665Z,3,,"benerin dong sistem pick up dari drivernya. Masa udah pasang nonhemat pun driver jauh bgt jaraknya, bisa sampe 10 menit bahkan. Buang buang waktu banget",cute panda,,,,https://play.google.com/store/apps/details?id=com.grabtaxi.passenger&reviewId=1ddd7716-7131-4601-a324-ef0d722d2996,Neutral,INDONESIAN,0.9999954092309016,MALAY,0.999990818461803,4,"banget, bisa, driver, udah",True
3933,android,ph,en,141e8e98-365e-4d3c-81d8-0450fcced32a,2026-03-13T08:45:37.104Z,1,,"aplikasi bego.. sudah pesan makanan, sudah mau 2 jam stuck cuma di bagian mencari driver, dan gak bisa di cancel. harusnya bikin validasi dong, kalau misal sudah nunggu pencarian driver kelamaan itu customer bisa dikasih opsi untuk membatalkan pesanan. Emang kalian pikir 2 jam itu bukan waktu apa?",Windy Phan,5.400.0,,,https://play.google.com/store/apps/details?id=com.grabtaxi.passenger&reviewId=141e8e98-365e-4d3c-81d8-0450fcced32a,Negative,INDONESIAN,0.9999914034009286,MALAY,0.9999828068018572,10,"aplikasi, bisa, cuma, dan, driver, gak, kalau, pesanan, sudah, untuk",True
3941,android,ph,en,535ef880-87bc-4aaa-ba47-f02781b0399d,2026-03-13T07:05:29.626Z,1,,"ada beberapa bangunan yg ada di maps, tapi begitu tempatnya didatangi malah tidak ada apa apa di sana atau bahkan sudah tutup. tolong diupdate lagi ya info maps semua toko😭🫵🏻 saya putar putar sampai 3 kali, spend 50k for nothing.",Mahdiyyah Ramadhani,5.395.0,,,https://play.google.com/store/apps/details?id=com.grabtaxi.passenger&reviewId=535ef880-87bc-4aaa-ba47-f02781b0399d,Negative,INDONESIAN,0.9976578075767375,MALAY,0.995315615153475,5,"malah, saya, sudah, tidak, tolong",True
3948,android,ph,en,5ce7bfe8-9d0a-4394-ad38-ec04c52abc30,2026-03-13T06:08:26.447Z,1,,"Aplikasi kapitalis biadab. Eksploitatif. Tidak memanusiakan ""mitra"". Makan tuh rating.",Radhimas Lehama (Dimas),5.399.0,,,https://play.google.com/store/apps/details?id=com.grabtaxi.passenger&reviewId=5ce7bfe8-9d0a-4394-ad38-ec04c52abc30,Negative,INDONESIAN,0.6828017105883812,MALAY,0.3662257811871374,2,"aplikasi, tidak",True
3949,android,ph,en,ea7c1f54-cd8c-40d7-8093-494628d4885f,2026-03-13T05:30:38.736Z,1,,"bener bener parah.grab ini apps penipu, orang malaysia nipu rakyat se indonesia, parah. uang diambil pesanan lama sekali; orderan semulaestimates sampai 12.15 ( udha lama sekali karena swtelah di bayar di ganti jadi 2 jam ) ; tapi mudnur terus ; sampai 4 jam belum jelas kapan maknan mau sampai; halo regulator kenapa apps penipu gini; tidka di kasih sanksi berat atu bhkna penutupan?????",Ali FCPA,5.400.0,"Mohon maaf ya atas ketidaknyamanan yang terjadi.
Apabila Kakak memiliki kendala saat menggunakan aplikasi Grab atau tidak nyaman dengan pelayanan kami, Kakak bisa memilih keluhan yang sesuai di link berikut ya https://grb.to/consumeridhelpcenter 🙏 Terima kasih",2025-11-30T15:31:54.908Z,https://play.google.com/store/apps/details?id=com.grabtaxi.passenger&reviewId=ea7c1f54-cd8c-40d7-8093-494628d4885f,Negative,INDONESIAN,0.9999996247069682,MALAY,0.9999992494139365,5,"belum, jadi, karena, pesanan, uang",True
3952,android,ph,en,1a5bb339-3d16-4f82-832e-0ace77cc93d7,2026-03-13T04:33:20.525Z,1,,Order makan jarak sedekat 2km aja bisa est waktu 90 menit gila aja kau grab yg bener aja?,Aznable,5.400.0,,,https://play.google.com/store/apps/details?id=com.grabtaxi.passenger&reviewId=1a5bb339-3d16-4f82-832e-0ace77cc93d7,Negative,INDONESIAN,0.699558275282886,MALAY,0.424674874055593,1,bisa,True
3953,android,ph,en,342983e7-3c76-4142-a4db-a8408f2237b8,2026-03-13T04:30:42.140Z,1,,"apalah skrg susah bgt dpt driver trs udh dpt udh dkt di cancel gt aja, ni yg pengelola app nya jg bnrin lah ksian driver kl potongannya gede, mikir kids, malah jd nyusahin",raqiqah hetzkia,5.400.0,,,https://play.google.com/store/apps/details?id=com.grabtaxi.passenger&reviewId=342983e7-3c76-4142-a4db-a8408f2237b8,Negative,INDONESIAN,0.999942560383511,MALAY,0.9998873658730928,2,"driver, malah",True
3957,android,ph,en,62a4de9b-ed87-462b-ac40-9344b362d95c,2026-03-13T01:27:42.637Z,1,,aplikasi gak beres...server lemot..,Ridwan Yusuf,,,,https://play.google.com/store/apps/details?id=com.grabtaxi.passenger&reviewId=62a4de9b-ed87-462b-ac40-9344b362d95c,Negative,INDONESIAN,0.6882222143433959,TAGALOG,0.5219443330376183,2,"aplikasi, gak",True
3958,android,ph,en,ed6e4a27-e055-42f2-a704-b8a8a2ca2d63,2026-03-12T23:39:33.109Z,1,,ribet banget daftar pake selfie segala. ga gampang jg saya mau buka identitas secara online gini. maaf ya uninstall.,welfi wolf,5.401.0,,,https://play.google.com/store/apps/details?id=com.grabtaxi.passenger&reviewId=ed6e4a27-e055-42f2-a704-b8a8a2ca2d63,Negative,INDONESIAN,0.9196957777896786,MALAY,0.8453954600585986,3,"banget, pake, saya",True
3960,android,ph,en,74935380-7665-4766-90b2-8a6c1a0ebe97,2026-03-12T22:57:33.660Z,3,,"sebenarnya aplikasinya ok, yang ga ok drivernya, suka cancel pas udah dekat bahkan pas udah sampai. banyak driver yang gamau pick up tapi ga konfirmasi.",Natalia D,5.395.0,,,https://play.google.com/store/apps/details?id=com.grabtaxi.passenger&reviewId=74935380-7665-4766-90b2-8a6c1a0ebe97,Neutral,INDONESIAN,0.9998101493240132,MALAY,0.9996202986480266,3,"driver, udah, yang",True
3975,android,ph,en,27612c36-2b52-4c47-a68c-a6481f92df77,2026-03-12T13:49:10.213Z,1,,"Sy naik grab 4x sehari dgn jarak dekat. Dan budget tiap bln bisa 1,2 juta (belum termasuk tips). Tapi 3-4 bulan ini grab susah didapat. Slalu dapat yg jauh diatas 8 menit, Bahkan pernah 16 menit lebih. Sering dapat driver yg sedang mengantar penumpang. Driver juga sering mematikan aplikasi & menawarkan antar offline. Sy pikir dgn budget segitu dlm sebulan sy tidak mendapatkan pelayanan yg bagus. Kalau begitu saya yg akan terus dirugikan,,, Dan saya sudah memikirkan transportasi pengganti.",A Google user,5.400.0,,,https://play.google.com/store/apps/details?id=com.grabtaxi.passenger&reviewId=27612c36-2b52-4c47-a68c-a6481f92df77,Negative,INDONESIAN,0.9999999932961284,MALAY,0.9999999865922569,9,"aplikasi, belum, bisa, dan, driver, kalau, saya, sudah, tidak",True
3986,android,ph,en,e104b11a-8a77-40b0-89c6-2d65e52194c9,2026-03-12T11:09:56.880Z,2,,"sy pakai grab tahunan tapi ini sih sudah gila. masa saat ga hujan aja harga rate bisa naik hampir 2x dari biasanya. belum lagi driver suka aneh.. saat posisi sudah menjemput di lokasi, driver mengcancel order pas posisi lewat depan mata. mau complain tapi posisi penumpang serba salah karena ga bisa rating driver tersebut padahal kita penumpang sering di buat sulit oleh driver. di cancel2 in driver, ga di respon ketika chat, di buat tunggu lama lalu di cancel. dan malah rating penumpang yg jelek.",Devika,5.400.0,,,https://play.google.com/store/apps/details?id=com.grabtaxi.passenger&reviewId=e104b11a-8a77-40b0-89c6-2d65e52194c9,Negative,INDONESIAN,0.9999999999945551,MALAY,0.9999999999891103,8,"belum, bisa, dan, driver, jelek, karena, malah, sudah",True
3990,android,ph,en,88126a5e-82d7-478d-a1b8-c22c60430afd,2026-03-12T10:30:29.762Z,2,,"Sudah beberapa hari ke belakang, susah sekali dapat grabbike. Sekalinya dapet, jauh banget drivernya. Pernah jg sudah ditunggu lama-lama, tinggal sebentar lagi dicancel sama drivernya, padahal sudah chat ok.",Sarie Puspayanti,5.400.0,,,https://play.google.com/store/apps/details?id=com.grabtaxi.passenger&reviewId=88126a5e-82d7-478d-a1b8-c22c60430afd,Negative,INDONESIAN,0.9953403489176645,MALAY,0.9906806978353572,2,"banget, sudah",True
3993,android,ph,en,d5e4cc33-7c5d-42c0-bbc0-9bd4756fc2c0,2026-03-12T10:19:43.386Z,1,,"kadang sistemnya gajelas, mesen grab hemat dpt yg jauh, mesen yg standar dpt yg jauh juga, jdnya gimana sih, drivernya juga kdg gajelas, sudah diblg sesuai titik maps malah nanya posisi dmn, giliran diarahin malah dicancel pdhl udh nunggu lama lama",Lovely Aqueena,5.401.0,,,https://play.google.com/store/apps/details?id=com.grabtaxi.passenger&reviewId=d5e4cc33-7c5d-42c0-bbc0-9bd4756fc2c0,Negative,INDONESIAN,0.9993821466030643,MALAY,0.9987642932061287,3,"malah, sesuai, sudah",True
4004,android,ph,en,07e4aa66-2a1f-4460-8e29-66f91982c1d1,2026-03-12T07:20:03.698Z,1,,"CS susah banget dihubungin. Solusinya hampir selalu dengan mengcancel orderan customer, tidak sopan.",Yunita Yanti,5.400.0,,,https://play.google.com/store/apps/details?id=com.grabtaxi.passenger&reviewId=07e4aa66-2a1f-4460-8e29-66f91982c1d1,Negative,INDONESIAN,0.9231211683503119,MALAY,0.8464130043498371,3,"banget, dengan, tidak",True
4042,android,ph,en,b3840383-3e33-41a6-b00a-3d53837c7173,2026-03-11T19:11:13.835Z,1,,"baru saja aku advance booking untuk jam 2 pagi untuk jemput turun kereta, namun saya mendapatkan driver yang tidak aktif sampai waktu yg ditentukan, dihubungi juga tidak bisa, ketika saya cancel untuk segera cari driver lain, ternyata uang saya tidak kembali senilai 130k, sungguh sangat disesalkan, saya harus membayar tanpa mendapatkan fasilitas. saya kecewa atas peristiwa ini",Raihan Primasta Putra,5.397.0,,,https://play.google.com/store/apps/details?id=com.grabtaxi.passenger&reviewId=b3840383-3e33-41a6-b00a-3d53837c7173,Negative,INDONESIAN,0.9997717485615548,MALAY,0.9995434971231096,7,"bisa, driver, saya, tidak, uang, untuk, yang",True
4050,android,ph,en,30396650-4cfd-4e0c-9211-a69768dac6b2,2026-03-11T13:48:59.856Z,3,,"sekarang grab mengecewakan bgt, harga berubah2 ga nentu. pagi siang malam beda. gimana sich. Promo kaga bs dipakai!! makin mahal",kajoel Sanjaya,5.399.0,,,https://play.google.com/store/apps/details?id=com.grabtaxi.passenger&reviewId=30396650-4cfd-4e0c-9211-a69768dac6b2,Neutral,INDONESIAN,0.6777124077532033,MALAY,0.3556946496303263,2,"makin, sekarang",True
4057,android,ph,en,330684c2-3800-46dd-a0c6-4be05f391765,2026-03-11T13:12:25.274Z,1,,"sekarang susah utk mendapatkan layanan grab express grab food, menunggu sangat lama, bhkn skrg sdh 1jam lbh blm dpt kiriman pesanan makanannnya. parah",every one,5.400.0,,,https://play.google.com/store/apps/details?id=com.grabtaxi.passenger&reviewId=330684c2-3800-46dd-a0c6-4be05f391765,Negative,MALAY,0.8470064320591394,INDONESIAN,0.6940128641182788,2,"pesanan, sekarang",True
4061,android,ph,en,e57d6e2f-440e-44bf-990c-094e2844a164,2026-03-11T12:11:00.177Z,1,,"Harus ganti jadi bintang 1. Beberapa kali pilih opsi delivery GrabFood paling murah, diundur terus. Pernah sampai 3 jam. Kesannya maksa pelanggan untuk pilih opsi delivery yang paling mahal. Terpaksa cancel. Sekarang mulai beralih ke GoFood lagi aja.",Adi Nugroho,5.401.0,,,https://play.google.com/store/apps/details?id=com.grabtaxi.passenger&reviewId=e57d6e2f-440e-44bf-990c-094e2844a164,Negative,INDONESIAN,0.9999998832421139,MALAY,0.9999997664842276,5,"jadi, pilih, sekarang, untuk, yang",True
4063,android,ph,en,a56bc912-19d0-4844-96ee-9bd189dab5fb,2026-03-11T11:56:13.616Z,2,,"lokasinya banyak yg ga akurat, giliran ada fitur perbaiki lokasi, ga jelas banget, ga berfungsi, cuman bolak-balik doang. [edit 9/3/26] udah sengaja milih fastest route meskipun sedikit lebih mahal, eh malah setelah booking dikasih rute yg lebih murah. tau gitu kan milih rute itu aja, ga ada kemacetan berarti juga ternyata. [edit 7/3/26] penentuan rute kacau banget! dibuat memutar2, tidak ada opsi rute terpendek, akhirnya malah jadi mahal.",Jorgy Manuhutu,,"Mohon maaf ya atas ketidaknyamanan yang terjadi.
Apabila Kakak memiliki kendala saat menggunakan aplikasi Grab atau tidak nyaman dengan pelayanan kami, Kakak bisa memilih keluhan yang sesuai di link berikut ya https://grb.to/consumeridhelpcenter 🙏 Terima kasih",2026-03-08T13:40:45.650Z,https://play.google.com/store/apps/details?id=com.grabtaxi.passenger&reviewId=a56bc912-19d0-4844-96ee-9bd189dab5fb,Negative,INDONESIAN,0.999881484961124,MALAY,0.9997629699222479,5,"banget, jadi, malah, tidak, udah",True
4080,android,ph,en,e1413151-35ac-4988-90a8-8e7da1bee8f0,2026-03-11T07:21:23.956Z,1,,aplikasi ini memiliki penanganan masalah customer terburuk yang pernah ada,Krisna Bayu Aji,5.400.0,,,https://play.google.com/store/apps/details?id=com.grabtaxi.passenger&reviewId=e1413151-35ac-4988-90a8-8e7da1bee8f0,Negative,INDONESIAN,0.7580873084452894,MALAY,0.5195825294272864,2,"aplikasi, yang",True
4083,android,ph,en,00b08023-c30f-4b1d-9270-44c99e2ad7ed,2026-03-11T06:34:27.561Z,1,,"cuaca bagus, resto dekat, tapi gada driver yg mau ambil orderan saya, sudah kejadian berkali-kali, driver kalian niat kerja ga sih?",Rafael Matthew A,5.397.0,,,https://play.google.com/store/apps/details?id=com.grabtaxi.passenger&reviewId=00b08023-c30f-4b1d-9270-44c99e2ad7ed,Negative,INDONESIAN,0.517259472938914,MALAY,0.03649513988782649,3,"driver, saya, sudah",True
4093,android,ph,en,6a295996-06f1-4ab2-9b36-14d860370908,2026-03-11T02:20:18.321Z,5,,"Manajemen nya makin hari makin gableg, bingung gw. Mau pesen grab food auto cancel mulu krn ga dapet2 driver. Cek Gojek rate nya 2x. Makanya kalo mau perang harga ama Gojeg, jangan driver yg disuru bakar duit. Memangnya driver bego? Mrk ya narik yg GoSend. Di Solo ada airport namanya Adisumarmo International Airport, ga perlu jauh2 ke Adisutjipto Yogyakarta ya. Kalo masih ga ketemu juga, lokasi persisnya & biayanya silakan nanya ke Gojeg",Andy Wirya,5.400.0,,,https://play.google.com/store/apps/details?id=com.grabtaxi.passenger&reviewId=6a295996-06f1-4ab2-9b36-14d860370908,Positive,INDONESIAN,0.9999649858731555,MALAY,0.9999299717463112,5,"driver, kalo, krn, makin, masih",True
4094,android,ph,en,b898099f-5aa0-4488-b47c-9ae66f689bc4,2026-03-11T01:28:10.296Z,2,,"sistemnya kacau suka dapet driver yg jauh padahal banyak yang deket, driver suka suka tiba2 ngebatalin",Florentina Kumala,5.400.0,,,https://play.google.com/store/apps/details?id=com.grabtaxi.passenger&reviewId=b898099f-5aa0-4488-b47c-9ae66f689bc4,Negative,INDONESIAN,0.858201216432109,MALAY,0.7201441471091434,2,"driver, yang",True
4095,android,ph,en,dc87e740-aa33-4a40-b2d5-10acc42ae7cc,2026-03-11T01:08:09.372Z,1,,"Beberapa hari ini Grab sameday dan instant susah dapat. andai ada pun, mendadak D cancel driver. sepertinya sementara pindah ke Maxim dan Lala Move dl sambil melihat perbaikan manajemen di Grab",HX L,5.400.0,,,https://play.google.com/store/apps/details?id=com.grabtaxi.passenger&reviewId=dc87e740-aa33-4a40-b2d5-10acc42ae7cc,Negative,MALAY,0.6665180529639911,INDONESIAN,0.33303610953077206,2,"dan, driver",True
4097,android,ph,en,21c46e9a-9a98-457e-a956-4226f53f2aa9,2026-03-11T00:44:17.788Z,2,,"semakin menurun ratingnya. ga ada, dapet oun bisa jarak 5km. padahal dititik ku banyak driver nganggur",diamondust1977,5.400.0,,,https://play.google.com/store/apps/details?id=com.grabtaxi.passenger&reviewId=21c46e9a-9a98-457e-a956-4226f53f2aa9,Negative,INDONESIAN,0.8372098833439579,MALAY,0.6770723344941091,2,"bisa, driver",True
4105,android,ph,en,641ecf6c-e210-42a3-bb6d-a1dbc3303052,2026-03-10T16:25:02.480Z,1,,"Sudah gak EKSLUSIF lg GRAB CAR PREMIUM PAKAI sticker???Saya pelanggan tetap...visit untuk kerja jadi repot, mengecewakan..",Imelda Husni,5.95.1,,,https://play.google.com/store/apps/details?id=com.grabtaxi.passenger&reviewId=641ecf6c-e210-42a3-bb6d-a1dbc3303052,Negative,INDONESIAN,0.5960742382499258,MALAY,0.19259430650988402,5,"gak, jadi, saya, sudah, untuk",True
4119,android,ph,en,c4e76f8f-0e8b-4f24-80ea-37d7c52858ae,2026-03-10T13:15:22.857Z,1,,"terus melambung tinggi, mustahil turun, makin mahal biaya platform grabfood, edan tenan, selamat datang di era ultra kapitalisme.",Lily Whitecat,,,,https://play.google.com/store/apps/details?id=com.grabtaxi.passenger&reviewId=c4e76f8f-0e8b-4f24-80ea-37d7c52858ae,Negative,INDONESIAN,0.8760812403652831,MALAY,0.756225464533998,1,makin,True
4125,android,ph,en,a98a31a8-0f1e-4b30-9f27-0cb99a7311d1,2026-03-10T11:46:03.100Z,1,,"benerin dong sistemnya. jangan cuma perusahaan yang untung, egois bgt nih perusahaan. kasian Mitra dan konsumen! saya nunggu sampai 1 jam ga dapat2 driver!",Sherina Andine,5.400.0,,,https://play.google.com/store/apps/details?id=com.grabtaxi.passenger&reviewId=a98a31a8-0f1e-4b30-9f27-0cb99a7311d1,Negative,INDONESIAN,0.999996616542072,MALAY,0.9999932330842771,5,"cuma, dan, driver, saya, yang",True
4126,android,ph,en,3270144b-c67e-4fef-9966-78fcf42605e9,2026-03-10T11:09:52.230Z,2,,grabbike: kok akhir ini makin sering dapat driver jauh dan lama fitur pembatalan grabfood sebaiknya disediakan jika driver tidak ditemukan setelah 10 menit biar kita bisa cari resto lain perbaiki dong sistemnya,Betty Chasanova,5.400.0,,,https://play.google.com/store/apps/details?id=com.grabtaxi.passenger&reviewId=3270144b-c67e-4fef-9966-78fcf42605e9,Negative,INDONESIAN,0.9999997803152859,MALAY,0.9999995606305719,5,"bisa, dan, driver, makin, tidak",True
4131,android,ph,en,9234fb83-52ad-4dca-be4e-614f23df1fd0,2026-03-10T10:20:36.330Z,1,,"halo, Apakah untuk apknya d tambah fitur chat atau help gtu buat driver yang tiba tiba cancel, padahal udah nunggu lama. bukan sekali dua kali udah nunggu ampe 15 menit lebih malah drivernya gabisa d hubungin terus tiba-tiba di cancel. Kan jadi BUANG BUANG WAKTU bgt. mohon responnya Terima kasih",Agrisna Rida Afiah,5.400.0,,,https://play.google.com/store/apps/details?id=com.grabtaxi.passenger&reviewId=9234fb83-52ad-4dca-be4e-614f23df1fd0,Negative,INDONESIAN,0.9999997220794877,MALAY,0.9999994441589755,6,"driver, jadi, malah, udah, untuk, yang",True
4154,android,ph,en,25db8378-33f5-42cc-8b77-9df814f616be,2026-03-10T05:07:04.772Z,1,,"GRAB SEKARANG ANEH BANGET, NGELINK OVO KE NOMOR YANG LAMA, ERROR BANGET",Virgo Girl,5.400.0,,,https://play.google.com/store/apps/details?id=com.grabtaxi.passenger&reviewId=25db8378-33f5-42cc-8b77-9df814f616be,Negative,INDONESIAN,0.7327302907114525,MALAY,0.5692543198469733,3,"banget, sekarang, yang",True
4156,android,ph,en,d4b91582-4a86-443c-83ff-002b02304921,2026-03-10T04:52:34.346Z,3,,"sekarang beredar pengalaman kalau naik grab mesti AC nya sumuk/gak dingin, termasuk pengalaman saya juga, tolong ditindaklanjuti Min",Benny Samudra,5.397.0,"Maaf ya atas ketidaknyamanan yang terjadi.
Kalau Kakak memiliki kendala saat menggunakan aplikasi Grab atau tidak nyaman dengan pelayanan kami silakan pilih keluhan yang sesuai di link berikut ya https://grb.to/consumeridhelpcenter . Terima kasih 🙏",2025-05-14T02:13:40.190Z,https://play.google.com/store/apps/details?id=com.grabtaxi.passenger&reviewId=d4b91582-4a86-443c-83ff-002b02304921,Neutral,INDONESIAN,0.8363113106530221,MALAY,0.6726998077535027,5,"gak, kalau, saya, sekarang, tolong",True
4161,android,ph,en,f81d0958-ddc7-4627-a2d0-bd277c31a876,2026-03-10T01:09:18.772Z,1,,selalu dapet driver yang posisi awalnya jauh,Frisal Al Gamar,5.400.0,,,https://play.google.com/store/apps/details?id=com.grabtaxi.passenger&reviewId=f81d0958-ddc7-4627-a2d0-bd277c31a876,Negative,INDONESIAN,0.7835833068517376,MALAY,0.573469219666097,2,"driver, yang",True
4165,android,ph,en,f29cbb86-b5ca-4409-92b8-a9f8bec43970,2026-03-10T00:08:06.152Z,1,,"2-3 hari lalu. pesen ojol motor,yg dateng mobil. nanya ga Salah harga nya,katanya lg error. jd binggung ksh ongkos nya. eh sekarang pesen ojol motor td nya Rp 10 Rb jd 17 Rb. Gila. kisut grab",Chandra Rinaldi,5.400.0,,,https://play.google.com/store/apps/details?id=com.grabtaxi.passenger&reviewId=f29cbb86-b5ca-4409-92b8-a9f8bec43970,Negative,INDONESIAN,0.9998161018868194,MALAY,0.9996322040111635,1,sekarang,True
4168,android,ph,en,b10752eb-4618-452e-a1d0-e7d853f3756d,2026-03-09T22:41:19.639Z,1,,"Edan grab hemat sekarang jauh banget driver jemputnya, bisa hampir kayak rute yg dituju jauhnya",McRoyce,5.396.0,,,https://play.google.com/store/apps/details?id=com.grabtaxi.passenger&reviewId=b10752eb-4618-452e-a1d0-e7d853f3756d,Negative,INDONESIAN,0.757650798842054,MALAY,0.5153883619473512,4,"banget, bisa, driver, sekarang",True
4179,android,ph,en,a89ebf06-cadf-4e65-9412-b847f17fde7b,2026-03-09T12:55:03.700Z,1,,JELEK SUSAH DAPET DRIVER. PESEN GRAB FOOD DR JAM 6 DELAY SAMPE JAM 8 KARENA GA DAPET DRIVER. makanya kalo motong komisi mikir pake otak biar drivernya ga mogok kerja cuih,cristyvilda priskila,,,,https://play.google.com/store/apps/details?id=com.grabtaxi.passenger&reviewId=a89ebf06-cadf-4e65-9412-b847f17fde7b,Negative,INDONESIAN,0.9955715211483452,MALAY,0.9911430422969371,5,"driver, jelek, kalo, karena, pake",True
4181,android,ph,en,8698b467-67cb-4917-a721-3c94e17186d7,2026-03-09T12:39:51.816Z,1,,Telepon Help Centre tidak terhubung serta saldo balance terpotong sesuai perjalanan padahal saya cancel dan belum sama sekali melakukan perjalanan,Maraden Marpaung,5.400.0,,,https://play.google.com/store/apps/details?id=com.grabtaxi.passenger&reviewId=8698b467-67cb-4917-a721-3c94e17186d7,Negative,INDONESIAN,0.920167033941478,MALAY,0.840334067882956,5,"belum, dan, saya, sesuai, tidak",True
4182,android,ph,en,383489cc-175b-411a-be56-9f30e19eea9b,2026-03-09T12:39:39.632Z,1,,"aplikasi mau untung gila, ongkir udah mahal, kena tax ga masalah, kena biaya aplikasi lagi",Riki Irawan,5.400.0,"Mohon maaf ya atas ketidaknyamanan yang terjadi.
Apabila Kakak memiliki kendala saat menggunakan aplikasi Grab atau tidak nyaman dengan pelayanan kami, Kakak bisa memilih keluhan yang sesuai di link berikut ya https://grb.to/consumeridhelpcenter 🙏 Terima kasih",2025-09-28T14:18:19.369Z,https://play.google.com/store/apps/details?id=com.grabtaxi.passenger&reviewId=383489cc-175b-411a-be56-9f30e19eea9b,Negative,INDONESIAN,0.6551806758164669,MALAY,0.3247153391940351,2,"aplikasi, udah",True
4183,android,ph,en,9710699f-7aa4-4d79-8017-aa579410e174,2026-03-09T12:36:59.356Z,1,,pesen di tokped pengiriman instant rasa next day. makanya kasih tarif yang layak!!,Vicky,5.400.0,,,https://play.google.com/store/apps/details?id=com.grabtaxi.passenger&reviewId=9710699f-7aa4-4d79-8017-aa579410e174,Negative,INDONESIAN,0.7995753015525064,MALAY,0.6064308747524584,2,"tarif, yang",True
4186,android,ph,en,51dc9818-c5b9-44a2-abf2-b4b58ed3806a,2026-03-09T12:03:30.352Z,1,,"3 hari terakhir order grabfood menunggu hingga 2 jam dan tidak bisa contact resto dan akhirnya cancel krn sdh lewat waktu. Chat hny dgn bot, tidak ada CS. Buang waktu. BUGS or WORSE Apps?",Fendy Yusuf,5.400.0,,,https://play.google.com/store/apps/details?id=com.grabtaxi.passenger&reviewId=51dc9818-c5b9-44a2-abf2-b4b58ed3806a,Negative,INDONESIAN,0.9999997872361021,MALAY,0.9999995744722063,4,"bisa, dan, krn, tidak",True
4188,android,ph,en,88ce904d-2eb6-44c6-9a60-75d553e9957b,2026-03-09T11:43:37.360Z,1,,"edit rating gais, 2026 grab sucked bgt. sistemnya gajelas gabgerti tim ITnya kerjanya apa, kasih driver selalu yang jauh, ciptain grab hemat tapi ga efisien bgt, mending kek dulu dah. better pake kompetitor dah, hari2 pake grab jd muak kalo kek gini. driver skrg cancel2 trs pula, suka pura2 ilang gbs dihubungi karena gamau cancel dr dia. licik",A Google user,5.399.0,,,https://play.google.com/store/apps/details?id=com.grabtaxi.passenger&reviewId=88ce904d-2eb6-44c6-9a60-75d553e9957b,Negative,INDONESIAN,0.9999999981298673,MALAY,0.9999999962597346,5,"driver, kalo, karena, pake, yang",True
4191,android,ph,en,490cb8e3-82f6-4cff-89f4-a30ec20fca90,2026-03-09T10:43:09.550Z,1,,"Banyak yang komplen soal driver di apps ini dimana sering driver menolak jemputan customer. cust bayar mahal tp trus ditolak, argo driver jg dipotong seenak jidat oleh pihak apps. tlg perbaikin sistem anda. jgn ambil keuntungan dalam kesempitan.",Sharon Thalia,5.400.0,,,https://play.google.com/store/apps/details?id=com.grabtaxi.passenger&reviewId=490cb8e3-82f6-4cff-89f4-a30ec20fca90,Negative,INDONESIAN,0.996826258464803,MALAY,0.993652516929606,2,"driver, yang",True
4196,android,ph,en,1aaeacf1-fef7-4246-8b22-98775214fc05,2026-03-09T09:52:07.141Z,1,,"penumpang harusnya bisa memberikan penilaian jika driver membatalkan order atau sengaja menjauh, supaya kapok driver yg seperti itu",Travel Around Me,5.400.0,,,https://play.google.com/store/apps/details?id=com.grabtaxi.passenger&reviewId=1aaeacf1-fef7-4246-8b22-98775214fc05,Negative,INDONESIAN,0.7095080977608498,MALAY,0.41901808562603937,2,"bisa, driver",True
4227,android,ph,en,7833ab18-a496-4610-a9b8-85c4e848cd2b,2026-03-09T01:28:01.434Z,1,,ngga ngotak algoritmanya ngasih driver jauh2 jaraknya dari pickup,innocentpasserby,5.400.0,,,https://play.google.com/store/apps/details?id=com.grabtaxi.passenger&reviewId=7833ab18-a496-4610-a9b8-85c4e848cd2b,Negative,INDONESIAN,0.6601402195763184,MALAY,0.32758200941505644,1,driver,True
4230,android,ph,en,5772185a-8883-4952-bfb1-71b71999f2d0,2026-03-09T00:49:03.507Z,3,,"Kalau jarak driver motor lebih dari 7 menit apalagi sampe 11 menit mending gak usah di match kan. kasihan driver jauh, yg nunggu juga kelamaan.",Fitriyani,5.400.0,,,https://play.google.com/store/apps/details?id=com.grabtaxi.passenger&reviewId=5772185a-8883-4952-bfb1-71b71999f2d0,Neutral,INDONESIAN,0.7513729062483963,MALAY,0.5125680099054252,3,"driver, gak, kalau",True
4242,android,ph,en,79de05de-bf21-426f-9ae8-69f2f6952199,2026-03-08T16:58:59.233Z,1,,"untuk grab express yang same-day , jangan terlalu lama mencari driver grab yang menerima. harusnya sesuai jadwal 6 pagi sampai 5 sore saja. jangan jam 11 malam karena beberapa toko tutup .",Kristin Novita Sari,5.400.0,,,https://play.google.com/store/apps/details?id=com.grabtaxi.passenger&reviewId=79de05de-bf21-426f-9ae8-69f2f6952199,Negative,INDONESIAN,0.999998676753413,MALAY,0.9999973535068262,5,"driver, karena, sesuai, untuk, yang",True
4251,android,ph,en,f4898a3e-66d2-4ebd-a493-e1cddff855df,2026-03-08T13:44:54.112Z,1,,Menyampah betul dengan harga grab sekarang dh elok2 dpt normal price tetiba naik harga 3x ganda mcm pergi haji blk hari bnde dekat je pun lama2 sakit betul hati guna apps Grab ni,Sora Ryn,,,,https://play.google.com/store/apps/details?id=com.grabtaxi.passenger&reviewId=f4898a3e-66d2-4ebd-a493-e1cddff855df,Negative,MALAY,0.9988305659540037,INDONESIAN,0.9976611319080076,2,"dengan, sekarang",True
4254,android,ph,en,5a5438cc-32e5-47c0-a591-b1941aa497b0,2026-03-08T13:29:11.725Z,1,,"Terlalu lama menunggu untuk satu pesanan makanan, estimasi sampai bertambah terus tapi driver tidak ada. Dibatalin tidak bisa, pake opsi get help yg jawab AI sama sekali tidak membantu, udah hampir 2 jam waktu saya menunggu untuk satu pesanan, pelayanan buruk dan tidak ada kompensasi yg saya terima.",Rizki Hendratma Pangantar,5.400.0,"Mohon maaf ya atas ketidaknyamanan yang terjadi.
Apabila Kakak memiliki kendala saat menggunakan aplikasi Grab atau tidak nyaman dengan pelayanan kami, Kakak bisa memilih keluhan yang sesuai di link berikut ya https://grb.to/consumeridhelpcenter 🙏 Terima kasih",2026-03-08T13:40:36.603Z,https://play.google.com/store/apps/details?id=com.grabtaxi.passenger&reviewId=5a5438cc-32e5-47c0-a591-b1941aa497b0,Negative,INDONESIAN,0.9997086818311959,MALAY,0.9994173636623918,9,"bisa, dan, driver, pake, pesanan, saya, tidak, udah, untuk",True
4262,android,ph,en,413869d6-3699-46d5-97ad-1ac54fd395ed,2026-03-08T12:12:53.748Z,1,,paraah lama bangett deh ini Dari kemarin grab mau cancel juga gabisa bisa,fathia rahmi zaen,,"Mohon maaf ya atas ketidaknyamanan yang terjadi.
Apabila Kakak memiliki kendala saat menggunakan aplikasi Grab atau tidak nyaman dengan pelayanan kami, Kakak bisa memilih keluhan yang sesuai di link berikut ya https://grb.to/consumeridhelpcenter 🙏 Terima kasih",2026-03-08T13:44:01.488Z,https://play.google.com/store/apps/details?id=com.grabtaxi.passenger&reviewId=413869d6-3699-46d5-97ad-1ac54fd395ed,Negative,INDONESIAN,0.7479442379036838,MALAY,0.6084308831164581,1,bisa,True
4268,android,ph,en,f4e5df7d-fa81-47b6-bf81-aa2ca953b73d,2026-03-08T11:14:48.490Z,1,,"tidak memberi banyak opsi pada pembeli dan komunikasi pada vendor hanya 1 arah (pembeli tidak bisa memulai chat), serta pembatalan makanan susah banget dilakukan",MELYT,5.399.0,"Mohon maaf ya atas ketidaknyamanan yang terjadi.
Apabila Kakak memiliki kendala saat menggunakan aplikasi Grab atau tidak nyaman dengan pelayanan kami, Kakak bisa memilih keluhan yang sesuai di link berikut ya https://grb.to/consumeridhelpcenter 🙏 Terima kasih",2026-03-08T13:44:26.820Z,https://play.google.com/store/apps/details?id=com.grabtaxi.passenger&reviewId=f4e5df7d-fa81-47b6-bf81-aa2ca953b73d,Negative,INDONESIAN,0.9953102448982282,MALAY,0.9906204897964564,4,"banget, bisa, dan, tidak",True
4272,android,ph,en,153f5338-222b-45b7-8bab-11661ba3df70,2026-03-08T10:55:05.728Z,1,,minimal fitur hubungi restoran di grabfood dihadirkan. saya 1 setengah jam belom diassign driver pengantaran dan saya gatau pula kondisi di restoran seperti apa. gila juga ni aplikasi. pinter2 kl bikin fitur. jangan karna untuk mengurangi interaksi berupa komplain seperti ini jadi anda hilangkan fiturnya. anda hanya hadirkan fitur terhadap driver karna bagi anda mereka yang pantas dapat kpmplain customer kan,Risya,5.400.0,"Mohon maaf ya atas ketidaknyamanan yang terjadi.
Apabila Kakak memiliki kendala saat menggunakan aplikasi Grab atau tidak nyaman dengan pelayanan kami, Kakak bisa memilih keluhan yang sesuai di link berikut ya https://grb.to/consumeridhelpcenter 🙏 Terima kasih",2026-03-08T13:44:35.988Z,https://play.google.com/store/apps/details?id=com.grabtaxi.passenger&reviewId=153f5338-222b-45b7-8bab-11661ba3df70,Negative,INDONESIAN,0.9999999911655185,MALAY,0.999999982331037,8,"aplikasi, belom, dan, driver, jadi, saya, untuk, yang",True
4274,android,ph,en,5143ec4e-972d-4da4-bc80-440947fffaef,2026-03-08T10:48:22.940Z,1,,saya tempah grab daripada pukul 5 smpi pukul 6 tak dapat..bile order makanan dekat grab tiba2 dia cancel order. paling sedih harga grab tetiba naik dari rm17 naik sampai rm34. pertama kali kecewa dengan grab tak pernah sekecewa ini...,Oppo,,,,https://play.google.com/store/apps/details?id=com.grabtaxi.passenger&reviewId=5143ec4e-972d-4da4-bc80-440947fffaef,Negative,MALAY,0.8199995771797158,INDONESIAN,0.6399991543594317,2,"dengan, saya",True
4275,android,ph,en,efa95118-a055-43a1-9a34-c5265d6d151e,2026-03-08T10:42:31.685Z,1,,"dkt jerantut tak ada grab.oder Dari pkl 5 sampai pkl 6. x dpt2. yg tu tak apa lagi. yg teruk, perjalanan hanya 13 Minit tapi harga utk 4seat blh naik sampai rm32.sedih sgt",nurin afiqahzaki,5.400.0,,,https://play.google.com/store/apps/details?id=com.grabtaxi.passenger&reviewId=efa95118-a055-43a1-9a34-c5265d6d151e,Negative,INDONESIAN,0.9985256107988669,MALAY,0.9970512215977342,0,,True
4276,android,ph,en,58ce9368-45d5-4a77-92f4-162695f3c567,2026-03-08T10:32:20.630Z,1,,"tolong tambahkan fitur untuk cancel order grabfood kalo ordernya ga diambil sama driver dalam waktu 30 menit. buang-buang waktu banget sumpah, baru bisa cancel kalo udah nunggu sesuai pilihan waktu pengantaran. padahal driver juga belum tentu dapet",Okta Chandika Salsabila,,"Mohon maaf ya atas ketidaknyamanan yang terjadi.
Apabila Kakak memiliki kendala saat menggunakan aplikasi Grab atau tidak nyaman dengan pelayanan kami, Kakak bisa memilih keluhan yang sesuai di link berikut ya https://grb.to/consumeridhelpcenter 🙏 Terima kasih",2026-03-08T13:44:44.320Z,https://play.google.com/store/apps/details?id=com.grabtaxi.passenger&reviewId=58ce9368-45d5-4a77-92f4-162695f3c567,Negative,INDONESIAN,0.9999940382228716,MALAY,0.9999880764457432,9,"banget, belum, bisa, driver, kalo, sesuai, tolong, udah, untuk",True
4277,android,ph,en,4c77515e-ff0b-4185-a534-1ec70f5a2b7d,2026-03-08T10:22:28.910Z,1,,"pesen makanan lama bgt ampe 2 jam ga dateng, padahal buat buka puasa",Nabila Ramadani,5.400.0,"Mohon maaf ya atas ketidaknyamanan yang terjadi.
Apabila Kakak memiliki kendala saat menggunakan aplikasi Grab atau tidak nyaman dengan pelayanan kami, Kakak bisa memilih keluhan yang sesuai di link berikut ya https://grb.to/consumeridhelpcenter 🙏 Terima kasih",2026-03-08T13:44:49.814Z,https://play.google.com/store/apps/details?id=com.grabtaxi.passenger&reviewId=4c77515e-ff0b-4185-a534-1ec70f5a2b7d,Negative,INDONESIAN,0.7000119836412197,MALAY,0.4461260061609003,0,,True
4312,android,ph,en,a00cab44-d6bb-4945-9172-94085a85b190,2026-03-08T02:57:58.879Z,1,,"Akhirnya saya kecewa dengan grab, Pihak grab harus memastikan setiap drivernya yang tetap akan menarik orderan saat hujan harus memiliki jas hujan bukan malah ""trus gimana dong?"" HARUS ADA SOLUSI UNTUK PENUMPANG. Lalu yang ke2, saya menunggu terlalu lama untuk mencari driver selama 1 jam lebih tidak ada yang mau mengambil orderan saya sama sekali! padahal jaraknya tidak lebih dari 3 km! Aplikasi benar benar tidak memberikan solusi sama sekali! Berujung kerugian pada saya. Ini bukan yg pertama!",Julio Richard,5.399.0,"Mohon maaf ya atas ketidaknyamanan yang terjadi.
Apabila Kakak memiliki kendala saat menggunakan aplikasi Grab atau tidak nyaman dengan pelayanan kami, Kakak bisa memilih keluhan yang sesuai di link berikut ya https://grb.to/consumeridhelpcenter 🙏 Terima kasih",2026-03-08T13:45:32.499Z,https://play.google.com/store/apps/details?id=com.grabtaxi.passenger&reviewId=a00cab44-d6bb-4945-9172-94085a85b190,Negative,INDONESIAN,0.9364352430018154,MALAY,0.8728704860036308,8,"aplikasi, dengan, driver, malah, saya, tidak, untuk, yang",True
4327,android,ph,en,d427a166-ee61-49ab-832c-67efae070358,2026-03-07T17:35:10.673Z,1,,jelek! gw tau pake hemat tapi jangan asal mainin wktu dong! dari 45menit di ubah ke 1 jam. gajelas banget,Aditiya Ramdani,5.399.0,,,https://play.google.com/store/apps/details?id=com.grabtaxi.passenger&reviewId=d427a166-ee61-49ab-832c-67efae070358,Negative,INDONESIAN,0.6617266219006915,MALAY,0.3377398678107441,3,"banget, jelek, pake",True
4334,android,ph,en,9371d7dd-85ce-4589-b67c-29678b74a6b0,2026-03-07T14:15:38.590Z,4,,kenapa cuma ada menu aktifkan ovo saja? tambabkan fitur menambahkan akun ovo agar bisa menggunakan ovo dengan nomor ponsel berbeda,Frans Liando,5.400.0,,,https://play.google.com/store/apps/details?id=com.grabtaxi.passenger&reviewId=9371d7dd-85ce-4589-b67c-29678b74a6b0,Positive,INDONESIAN,0.930721631383998,MALAY,0.8614437990444878,3,"bisa, cuma, dengan",True
4358,android,ph,en,42df07f6-b8e3-43e6-ac1b-b4e347b67f81,2026-03-07T10:04:13.243Z,3,,"Sudah lebih dari 3 kali pesan grabfood (termasuk bukan jam buka puasa) tetapi lebih dari 2 jam belum dapat driver dan jam datang mundur terus. setelah 2 setengah jam lebih baru ada status delayed dan baru cari driver, tapi setelah itu dibatalkan alasannya tidak ada driver atau tokonya tutup.",Syifa Fauziah,,,,https://play.google.com/store/apps/details?id=com.grabtaxi.passenger&reviewId=42df07f6-b8e3-43e6-ac1b-b4e347b67f81,Neutral,INDONESIAN,0.9992411594629238,MALAY,0.9984823189258476,5,"belum, dan, driver, sudah, tidak",True
4361,android,ph,en,0ff981b1-06b9-45a5-b2e0-4a2adabddb12,2026-03-07T09:25:59.414Z,1,,"gila banget order grabfood 2 jam delayed, GAADA CANCEL BUTTON YG BISA DIPENCET. baru di cancel setelah saya pusing cari tempat submit complaint ticket.",Kayla J.,5.400.0,,,https://play.google.com/store/apps/details?id=com.grabtaxi.passenger&reviewId=0ff981b1-06b9-45a5-b2e0-4a2adabddb12,Negative,INDONESIAN,0.9995940921655867,ENGLISH,0.9991950495580831,3,"banget, bisa, saya",True
4384,android,ph,en,1bad2bcc-cd01-476e-ad1c-304c5a50c90c,2026-03-07T03:10:44.582Z,2,,selalu lambat dalam solusi pembatalan pesanan,Lusy Magdalena,5.399.0,,,https://play.google.com/store/apps/details?id=com.grabtaxi.passenger&reviewId=1bad2bcc-cd01-476e-ad1c-304c5a50c90c,Negative,INDONESIAN,0.6627500215983692,MALAY,0.3290000008748176,1,pesanan,True
4385,android,ph,en,3d992bf9-17f8-4641-9cdb-65ffa8ca2eda,2026-03-07T02:22:43.458Z,1,,"Help center is useless, no respons even have problem. CS makin tidak berguna, sampai saat ini tidak bisa melakukan pesanan, sudah 5X tiket jawaban hanya template, boikot juga ini lama2.",suki kun,5.400.0,"Hi suki kun, we are sorry for any inconvenience caused. Please reach out to us via our social media platforms so that we can take a look into this. Thank you.",2021-07-20T09:02:37.989Z,https://play.google.com/store/apps/details?id=com.grabtaxi.passenger&reviewId=3d992bf9-17f8-4641-9cdb-65ffa8ca2eda,Negative,INDONESIAN,0.9999999903670065,MALAY,0.9999999807340137,5,"bisa, makin, pesanan, sudah, tidak",True
4401,android,ph,en,4bdf4b3d-b77b-4fc8-99b7-437627f83680,2026-03-06T14:51:00.434Z,1,,"lama bgt dapet driver kalo pake hemat, ga nyampe 1km padahal jarak nya",Rendi Andrissa,5.399.0,,,https://play.google.com/store/apps/details?id=com.grabtaxi.passenger&reviewId=4bdf4b3d-b77b-4fc8-99b7-437627f83680,Negative,INDONESIAN,0.7071514450351393,MALAY,0.5267567746773409,3,"driver, kalo, pake",True
4415,android,ph,en,3c54b77a-9d2a-427b-bcb4-41b540fc44d3,2026-03-06T11:51:04.705Z,2,,Tolong lah kita sudah bayar. driver juga kena potongan. Masih diiklanin juga,Christopher Wang,5.386.0,,,https://play.google.com/store/apps/details?id=com.grabtaxi.passenger&reviewId=3c54b77a-9d2a-427b-bcb4-41b540fc44d3,Negative,MALAY,0.6856803950154078,INDONESIAN,0.3804637650326212,4,"driver, masih, sudah, tolong",True
4416,android,ph,en,a781a0ee-bb47-4812-85c3-0c5fc6fbe539,2026-03-06T11:21:57.600Z,1,,"Tidak sesuai ongkir, saya pilih ongkir yang KATANYA sampai dalam 75 menit, eh nyampenya malah 2 jam tuh makanan, tolong ya",Pratama 21,5.399.0,,,https://play.google.com/store/apps/details?id=com.grabtaxi.passenger&reviewId=a781a0ee-bb47-4812-85c3-0c5fc6fbe539,Negative,MALAY,0.6080925383153235,INDONESIAN,0.21620118366679375,7,"malah, pilih, saya, sesuai, tidak, tolong, yang",True
4420,android,ph,en,98e51c35-affe-418f-ab9c-814b8e64be3f,2026-03-06T10:35:58.100Z,5,,bagus sangat lajuuu,Naufal Hamizan,5.399.0,,,https://play.google.com/store/apps/details?id=com.grabtaxi.passenger&reviewId=98e51c35-affe-418f-ab9c-814b8e64be3f,Positive,MALAY,0.6659086757583259,INDONESIAN,0.40846950691997214,0,,True
4422,android,ph,en,8c5f70e2-4bbd-4a72-9f2a-d4a55171e71b,2026-03-06T10:25:52.658Z,1,,"Disaat jam sibuk dan hujan, pelayanan lambat",Yusuf,5.399.0,,,https://play.google.com/store/apps/details?id=com.grabtaxi.passenger&reviewId=8c5f70e2-4bbd-4a72-9f2a-d4a55171e71b,Negative,INDONESIAN,0.7466709181530201,MALAY,0.4974383499918543,1,dan,True
4424,android,ph,en,700e21f2-cefa-4507-ac8c-5b022666f8ec,2026-03-06T09:44:34.822Z,1,,"aplikasi makin ngawur, driver di kasih nya jauh2, apalagi yg promo hemat. kalau gak ikhlas mending gak usah kasih promo min",Sutanto Widjoyo,5.399.0,,,https://play.google.com/store/apps/details?id=com.grabtaxi.passenger&reviewId=700e21f2-cefa-4507-ac8c-5b022666f8ec,Negative,INDONESIAN,0.8647798100151244,MALAY,0.7339460454939464,5,"aplikasi, driver, gak, kalau, makin",True
4436,android,ph,en,17cfb367-256f-43d2-933a-a8e585cc6da6,2026-03-06T06:38:45.585Z,1,,"saya kecewa karena Hrus menggunakan grabfood, saya pesan makanan dari jam 10 pagi sampai dengan jam 14.35 tidak ada yg ambil drivernya(baik yg hemat sampai prioritas), sampai di cancel otomatis dari pihak grab, layanan ini bener2 buruk",Erni R,5.400.0,"Mohon maaf atas ketidaknyamanannya.
Untuk penanganan cepat terkait kendala pd layanan Grab Indonesia yg Kakak alami, mohon untuk menyampaikan detail lebih lanjutnya melalui DM atau Personal Message di:
Twitter: @GrabID, Facebook: Grab atau melalui Help Center pada aplikasi Grab ya.
Terima kasih banyak. 🙏
",2021-03-22T03:38:09.260Z,https://play.google.com/store/apps/details?id=com.grabtaxi.passenger&reviewId=17cfb367-256f-43d2-933a-a8e585cc6da6,Negative,INDONESIAN,0.9999946292336769,MALAY,0.9999892584673538,4,"dengan, karena, saya, tidak",True
4442,android,ph,en,0e1c8107-0140-4575-b2a1-86c59c214800,2026-03-06T05:40:09.115Z,2,,"grab ni memang scam kata 3 hari baru payment akan masuk balik tapi dh 6 hari tk masuk ii lagi payment, bayar pakai online pastu saya cancel sebab ayah saya dh sampai tapi duit payment tk masuk balik chat kata tunggu 3 hari dh lebih dh ni tk masuk ii lagi. Tolong hantar balik duit saya iye jangan tk bagi balik saya tkkn halalkan. Please grab jangan menyusahkan org lain",dessy,5.400.0,,,https://play.google.com/store/apps/details?id=com.grabtaxi.passenger&reviewId=0e1c8107-0140-4575-b2a1-86c59c214800,Negative,INDONESIAN,0.9994168143689792,MALAY,0.9988336287379584,2,"saya, tolong",True
4444,android,ph,en,1250533d-8371-44e3-8105-2f40cc444d79,2026-03-06T05:05:50.884Z,2,,"Driver & aplikasinya sama saja, suka main tarif dan minta di cancel, kalau pada saat hujab lebih baik jangan pakai aplikasi ini. harga bisa melonjak 120%. walaupun sudah dapat driver sebelumnya, nanti driver akan telpon dan kasih alasan macam & minta cust utk cancel. pas lihat lagi di aplikasi, jarga sudah naik 120% karna hujan baru mulai turun.",Yhi A.L.,5.400.0,,,https://play.google.com/store/apps/details?id=com.grabtaxi.passenger&reviewId=1250533d-8371-44e3-8105-2f40cc444d79,Negative,INDONESIAN,0.9999999834904898,MALAY,0.9999999669809795,7,"aplikasi, bisa, dan, driver, kalau, sudah, tarif",True
4448,android,ph,en,1bef082a-b512-4b0a-bae1-67533fd27336,2026-03-06T04:25:13.209Z,1,,"Layout menu setelah updatenya aneh bgt, gk nyaman buat pilih orderan",Cita Silvia,,,,https://play.google.com/store/apps/details?id=com.grabtaxi.passenger&reviewId=1bef082a-b512-4b0a-bae1-67533fd27336,Negative,INDONESIAN,0.8131369339460035,MALAY,0.6429842672045258,1,pilih,True
4458,android,ph,en,0776feb4-c755-4139-8b34-687c7f51ba6a,2026-03-06T02:50:43.363Z,1,,"udh 1 bulan terakhir dpt grab bike sama grab express susah banget ampe g harus cancel berkali2 gr2 pd jauh2 semua, udh mahal, jauh2 semua mau ujan atau kgk tetep aja dptny jauh2 dan hr ini g nunggu ampe 15 menit lbh tuh abang kgk nyampe2 ampe kesel akhirny g cancel aja udah. benerin tuh aplikasi",pricillia ariesta,5.397.0,"Maaf ya atas ketidaknyamanan yang terjadi.
Kalau Kakak memiliki kendala saat menggunakan aplikasi Grab atau tidak nyaman dengan pelayanan kami silakan pilih keluhan yang sesuai di link berikut ya https://grb.to/consumeridhelpcenter . Terima kasih 🙏",2025-06-12T02:32:22.738Z,https://play.google.com/store/apps/details?id=com.grabtaxi.passenger&reviewId=0776feb4-c755-4139-8b34-687c7f51ba6a,Negative,INDONESIAN,0.9999012782234049,MALAY,0.9998025564468098,4,"aplikasi, banget, dan, udah",True
4476,android,ph,en,06243204-8d8b-4635-aeba-9bfa7d71556d,2026-03-05T17:00:23.141Z,1,,"GrabFood Malaysia servis teruk gila tahun 2026. Order ayam peha sahaja (nota khas jelas “ayam peha sahaja”), tapi dapat thigh+dada+betis extra yang tak order. Bayar untuk peha je tapi kena extra tanpa tanya. Complain kat kedai Ayam Tempayan House, dorang jawab:packaging random seekor2,jalan random,sikit boleh uruskan,kena buka 6 bag untuk tunaikan permintaan,in shaa allah adjust, mohon maaf. Takde refund, takde voucher berbaloi, takde extra makanan.Rider hantar je tanpa check order.",Chawcibei Lo,,,,https://play.google.com/store/apps/details?id=com.grabtaxi.passenger&reviewId=06243204-8d8b-4635-aeba-9bfa7d71556d,Negative,INDONESIAN,0.9999917556060838,MALAY,0.9999835112121676,2,"untuk, yang",True
4478,android,ph,en,0842bdd2-402c-4d74-acb3-2cc433b9d888,2026-03-05T16:28:14.144Z,1,,"update app mu versi saat ini jelek bos.. mau nyari menu grabfood aja susah, nyari ride juga susah.. Upgrade itu lebih baik, kalo lebih jelek namanya downgrade, dan kali ini downgrade.. ganti developernya",Ryan Siswara,5.399.0,,,https://play.google.com/store/apps/details?id=com.grabtaxi.passenger&reviewId=0842bdd2-402c-4d74-acb3-2cc433b9d888,Negative,INDONESIAN,0.9999999999815785,TAGALOG,0.9999999999659707,3,"dan, jelek, kalo",True
4506,android,ph,en,d68e4b25-7a15-4552-b9c7-0aa90b8233e6,2026-03-05T10:55:41.106Z,2,,"tahun 2025 dan 2026 driver mulai menyebalkan. cari driver susah kl hujan, hampir gaada yang terima GrabFood, bahkan Priority Delivery. bisa 4 jam tunggu makanan padahal order tempat dekat, satu kecamatan dan dibawah 1km. boleh bilg karna metode bayar Tunai, tapi ya memang preferensi, saya butuh tunai supaya lebih mudah dan transparan catat. mohon perbaiki infrastruktur dan arus order, sangat bermasalah!",Vincent Tjandera,5.399.0,,,https://play.google.com/store/apps/details?id=com.grabtaxi.passenger&reviewId=d68e4b25-7a15-4552-b9c7-0aa90b8233e6,Negative,INDONESIAN,0.9999999999879633,MALAY,0.9999999999759266,5,"bisa, dan, driver, saya, yang",True
4511,android,ph,en,522b4140-c0e0-46ea-a90c-d9c9fb8f3eb4,2026-03-05T10:11:45.877Z,1,,"udah g pakai lagi, pesanan saya cancel malah dibuat sudah terima pesanan. uang nya g balik. Payah",Carlos Patrisian,,,,https://play.google.com/store/apps/details?id=com.grabtaxi.passenger&reviewId=522b4140-c0e0-46ea-a90c-d9c9fb8f3eb4,Negative,MALAY,0.5386789662496033,INDONESIAN,0.08183097970746644,6,"malah, pesanan, saya, sudah, uang, udah",True
4513,android,ph,en,afca3d15-c1f6-4b1e-b46a-298910051744,2026-03-05T10:04:17.586Z,2,,"Susah banget buat dapetin driver di rush hours, especially kalau tujuannya ke tempat-tempat macet, mereka gak pada mau ngepick up padahal banyak driver di sekitar saya dan saya sudah mencoba di setiap opsi yang ada di aplikasi!",Roby Hilman,5.399.0,,,https://play.google.com/store/apps/details?id=com.grabtaxi.passenger&reviewId=afca3d15-c1f6-4b1e-b46a-298910051744,Negative,INDONESIAN,0.9998498161188619,MALAY,0.9996996322377238,9,"aplikasi, banget, dan, driver, gak, kalau, saya, sudah, yang",True
4516,android,ph,en,7a2a8b66-afa4-4010-bb94-eae27eb64d18,2026-03-05T09:40:40.812Z,3,,aplikasi ngelag bener pake kuota pake wifi sama aja padahal 5G,Darren Dassana Kumaro,5.399.0,,,https://play.google.com/store/apps/details?id=com.grabtaxi.passenger&reviewId=7a2a8b66-afa4-4010-bb94-eae27eb64d18,Neutral,INDONESIAN,0.6859016460348291,MALAY,0.42641927070111196,2,"aplikasi, pake",True
4543,android,ph,en,c9ee95e4-e093-468d-8b61-39c1c5c42e20,2026-03-05T04:38:49.468Z,1,,Sulit sekali dapat driver belakangan ini walaupun ongkirnya Priority! Bahkan saat jarak restonya < 500 m. Padahal ini di tengah kota Jakarta,Nathanael Theovanny Averro,5.399.0,,,https://play.google.com/store/apps/details?id=com.grabtaxi.passenger&reviewId=c9ee95e4-e093-468d-8b61-39c1c5c42e20,Negative,INDONESIAN,0.9195012782601809,MALAY,0.8390265397104422,1,driver,True
4560,android,ph,en,f5d8a561-ba40-4f28-a079-1d99fe442239,2026-03-05T00:37:57.122Z,5,,sangat mudah serta mesra pengguna untuk dapatkan kenderaan e-hailing,Elriq Gonzales,5.399.0,,,https://play.google.com/store/apps/details?id=com.grabtaxi.passenger&reviewId=f5d8a561-ba40-4f28-a079-1d99fe442239,Positive,MALAY,0.7731838425890998,INDONESIAN,0.5465207786284969,1,untuk,True
4569,android,ph,en,5a2d823f-fc93-45b8-b26f-29c0d04e69ce,2026-03-04T16:00:03.752Z,1,,update yang membagongkan 👎👎👎. tampilannya jadi sangat menyebalkan dan algoritma pencarian restonya sangat buruk sekali. 👎👎👎👎.,Clement 31,5.399.0,,,https://play.google.com/store/apps/details?id=com.grabtaxi.passenger&reviewId=5a2d823f-fc93-45b8-b26f-29c0d04e69ce,Negative,INDONESIAN,0.5617187691921782,MALAY,0.12383028148296038,3,"dan, jadi, yang",True
4578,android,ph,en,599a6128-a14e-4541-8bb2-0c8b3fb72b72,2026-03-04T12:50:33.293Z,1,,"ini ngapa susah amat dah dapat driver nunggu sampe mau sejem, udah berapa kali mesen grab express ga pernah ada yang mau ambil, bukan grab merchant ini aplikasi grab biasa ! -_- pesen di gojek ga sampe 5 detik dapat",Eric Hartanto,5.399.0,"Maaf ya atas ketidaknyamanan yang terjadi.
Kalau Kakak memiliki kendala saat menggunakan aplikasi GrabMerchant atau tidak nyaman dengan pelayanan kami silakan pilih keluhan yang sesuai di link berikut ya https://grb.to/merchantidhelpcenter 🙏 Terima kasih",2026-03-01T08:13:29.961Z,https://play.google.com/store/apps/details?id=com.grabtaxi.passenger&reviewId=599a6128-a14e-4541-8bb2-0c8b3fb72b72,Negative,INDONESIAN,0.9982657037412221,MALAY,0.9965314074838756,4,"aplikasi, driver, udah, yang",True
4581,android,ph,en,4c6f8c72-c9dc-45dc-81f4-44ee9cc77d32,2026-03-04T12:27:27.685Z,5,,"Desain barunya tidak bagus, bikin bingung",Rani Safitri,5.399.0,,,https://play.google.com/store/apps/details?id=com.grabtaxi.passenger&reviewId=4c6f8c72-c9dc-45dc-81f4-44ee9cc77d32,Positive,INDONESIAN,0.7888306947398472,MALAY,0.5871617313379165,1,tidak,True
4584,android,ph,en,2c5a82a2-e319-4667-9178-1d47116b5d8f,2026-03-04T11:55:38.150Z,1,,"pesan makanan untuk buka, baru kali ini, bused susah banget drivernya. Orang jadi gabisa buka puasa. giliran pengantaran penumpang biasa, lancar aja langsung dapet. Gw gatau ini karena pendapatan grab anter makan dan pengantaran manusia gedean mana, padahal ini pake pengantaran lumayan gede fee nya.",Alfaiz Syahputra,,,,https://play.google.com/store/apps/details?id=com.grabtaxi.passenger&reviewId=2c5a82a2-e319-4667-9178-1d47116b5d8f,Negative,INDONESIAN,0.9999641366747886,MALAY,0.9999282733495771,6,"banget, dan, jadi, karena, pake, untuk",True
4596,android,ph,en,f69bfbff-ed4f-4ada-ad39-1b03a34be819,2026-03-04T07:10:06.590Z,3,,"baru update, ui ux. desain bagus.tapi ga membantu sama sekali..lebih pilih yang lama.karna to the point. please use the app first as a regular sebelum ganti2 ui ux nya dong.",Sharon Maretha,,,,https://play.google.com/store/apps/details?id=com.grabtaxi.passenger&reviewId=f69bfbff-ed4f-4ada-ad39-1b03a34be819,Neutral,INDONESIAN,0.9999999587002404,TAGALOG,0.9999999356997749,2,"pilih, yang",True
4603,android,ph,en,fe106b9d-a9e5-448e-81f7-0da6f2424913,2026-03-04T05:38:52.649Z,1,,"disaat buru2 yg biasanya jd andalan, malah minta ngupdate dan itu pun lama sekali pdhl internet stabil, sorry bintang 1 dulu",prima andriani,5.399.0,,,https://play.google.com/store/apps/details?id=com.grabtaxi.passenger&reviewId=fe106b9d-a9e5-448e-81f7-0da6f2424913,Negative,INDONESIAN,0.8142334058740464,MALAY,0.6325648925193194,2,"dan, malah",True
4606,android,ph,en,c7a435a5-52e7-45aa-97fa-2701ce918d08,2026-03-04T05:14:58.390Z,1,,order instant delivery dari pecenongan ke kebayoran baru tp gak dpt dpt driver padahal barang nya kecil cuma klakson denso keong 1 doang tp gak dpt driver udah 2 hari,Adityar Prabowo,,,,https://play.google.com/store/apps/details?id=com.grabtaxi.passenger&reviewId=c7a435a5-52e7-45aa-97fa-2701ce918d08,Negative,INDONESIAN,0.9253331031579586,MALAY,0.8506701649791404,4,"cuma, driver, gak, udah",True
4612,android,ph,en,10676074-8318-4a87-aa8c-90d34c4d33d3,2026-03-04T02:53:49.957Z,1,,"Driver Grab makin tak bertimbang rasa. Saya order GrabCar standard, 3 penumpang 1 wheelchair. Driver call suruh cancel, ambik assist. saya Tanya, Bonet bezza kamu boleh muatkan wheel chair kan?die kater ader barang die, toolbox. saya cancel order, try order assist, sekarang 10:48, paling awal boleh arrange 12 pm. nak suruh saya dan parents tunggu sejam lebih ker? Grab better buat regulation baru untuk driver Grab semua mesti kosongkan Bonet. Jangan bagi alasan ada barang. kereta korang awam tau!",Sang Rufiz,5.399.0,,,https://play.google.com/store/apps/details?id=com.grabtaxi.passenger&reviewId=10676074-8318-4a87-aa8c-90d34c4d33d3,Negative,MALAY,0.815369387709771,INDONESIAN,0.6307387754195419,6,"dan, driver, makin, saya, sekarang, untuk",True
4615,android,ph,en,29a30037-4cf5-4089-9af1-f3d86b39933e,2026-03-04T00:41:41.904Z,3,,Makin kesini makin gk jelass aplikasinya. grab motor maupun mobil sekarang dapatnya jauh-jauh hrus nunggu lebih dari 10 menit. padahal dari titik jemput banyak driver yang lagi ngetem.,R K,5.399.0,,,https://play.google.com/store/apps/details?id=com.grabtaxi.passenger&reviewId=29a30037-4cf5-4089-9af1-f3d86b39933e,Neutral,INDONESIAN,0.9942930292137719,MALAY,0.9885860584275439,4,"driver, makin, sekarang, yang",True
4617,android,ph,en,0ac6cda2-c2a4-4d5f-9bf2-40289ca339fc,2026-03-04T00:27:01.817Z,1,,"susah banget sekarang nyari driver. mau yg hemat, mau yg biasa. pagi2 nyari driver bisa 1 jam sendiri.",Nidya Talitha,5.399.0,,,https://play.google.com/store/apps/details?id=com.grabtaxi.passenger&reviewId=0ac6cda2-c2a4-4d5f-9bf2-40289ca339fc,Negative,INDONESIAN,0.6837127963162969,MALAY,0.3761120351159191,4,"banget, bisa, driver, sekarang",True
4621,android,ph,en,ece78385-ce3c-43bd-868d-c3720df77171,2026-03-03T23:55:02.629Z,1,,lama bgtt ngasih pengemudi sekalinya dikasih lama bgtt jalannya saya sampai telat karna dibawanya lama sm pengemudi nya,Lutfhi Lutfhi,5.399.0,,,https://play.google.com/store/apps/details?id=com.grabtaxi.passenger&reviewId=ece78385-ce3c-43bd-868d-c3720df77171,Negative,INDONESIAN,0.8112189151170223,MALAY,0.6226946079330553,1,saya,True
4639,android,ph,en,492b7d1e-1bb1-4e7d-9e10-bb086a0d0a1e,2026-03-03T12:07:34.597Z,1,,"Pesen daerah mayestik dapet driver di panglima polim, harusnya atur rangenya. grabfood juga ada sistem tidak fair dimana aplikasi bisa cancel, tetapi user tidak jika nunggu order kelamaan",Salman Sudirlan,5.76.0,,,https://play.google.com/store/apps/details?id=com.grabtaxi.passenger&reviewId=492b7d1e-1bb1-4e7d-9e10-bb086a0d0a1e,Negative,INDONESIAN,0.999999889884408,MALAY,0.999999779768816,4,"aplikasi, bisa, driver, tidak",True
4644,android,ph,en,2bdf68d1-c94d-4cfb-a810-ce19a91f17b2,2026-03-03T10:53:54.797Z,1,,driver paok udh ditungguin 20 mnt an udah dkt malah cancel tiba2 harganya naik 2x lipat,S,5.392.0,,,https://play.google.com/store/apps/details?id=com.grabtaxi.passenger&reviewId=2bdf68d1-c94d-4cfb-a810-ce19a91f17b2,Negative,INDONESIAN,0.7667639218262602,MALAY,0.6172105375056792,3,"driver, malah, udah",True
4658,android,ph,en,ad74ee2e-6204-4e3f-bf09-4d8654bbce37,2026-03-03T08:52:20.645Z,2,,Enak sih app nya mempermudah. tapi semenjak semakin banyak driver yg ngechat minta Tip jadi males! Orderannya sih diambil. Tolong pihak grab dinaikkan saja gaji nya atau apalah karena bikin gaenak dan saya jd gamau pk grab lg,Lovely ness,5.399.0,,,https://play.google.com/store/apps/details?id=com.grabtaxi.passenger&reviewId=ad74ee2e-6204-4e3f-bf09-4d8654bbce37,Negative,INDONESIAN,0.9994146474923217,MALAY,0.9988292949846433,6,"dan, driver, jadi, karena, saya, tolong",True
4661,android,ph,en,95e7f676-f1ef-426e-8668-a123f80fd338,2026-03-03T08:28:59.570Z,1,,menunggu kurir instant 4jam tidak ada yg pick up LoL Grab,Reginaldy Naibaho,5.399.0,,,https://play.google.com/store/apps/details?id=com.grabtaxi.passenger&reviewId=95e7f676-f1ef-426e-8668-a123f80fd338,Negative,INDONESIAN,0.7228972170388159,MALAY,0.47792548291372094,1,tidak,True
4666,android,ph,en,344c5fd7-1802-4059-aee3-66a76c483b6b,2026-03-03T06:45:26.504Z,1,,"kalo mesen grab food ,lama banget bisa sampe 3jam baru dateng makanannya,sudah ga napsu makan lagi kalo gitu lama",Anton Susanto Dasir,5.399.0,,,https://play.google.com/store/apps/details?id=com.grabtaxi.passenger&reviewId=344c5fd7-1802-4059-aee3-66a76c483b6b,Negative,INDONESIAN,0.8140366392800273,MALAY,0.6453086839286086,4,"banget, bisa, kalo, sudah",True
4670,android,ph,en,a65b1af6-2e67-4266-b225-1577fbe1e035,2026-03-03T06:21:20.481Z,1,,"banyak makanan digenerate dgn AI, makanan yg datang berbeda jauh dgn di foto. Seharusnya semua tenant diwajibkan memberi foto real minimal mendekati, bukan pakai foto AI. Kalau tenant tidak submit, maka foto kosong. kalau mrk benar2 mau bisnis pasti fotonya akan mendekati yg asli. Inj beli kucing dalam karung",Timot,5.399.0,,,https://play.google.com/store/apps/details?id=com.grabtaxi.passenger&reviewId=a65b1af6-2e67-4266-b225-1577fbe1e035,Negative,INDONESIAN,0.9999277412678023,MALAY,0.9998554825356046,3,"kalau, seharusnya, tidak",True
4675,android,ph,en,cc6b2be0-2b16-494f-8cd9-b90adcb2fb09,2026-03-03T05:16:37.940Z,1,,susah banget mau hubungi support nya,akbar ramadhannx,5.399.0,,,https://play.google.com/store/apps/details?id=com.grabtaxi.passenger&reviewId=cc6b2be0-2b16-494f-8cd9-b90adcb2fb09,Negative,INDONESIAN,0.7057858043853059,MALAY,0.49126742322183264,1,banget,True
4686,android,ph,en,b5ed52d2-e867-4289-8b71-296c2b06f04a,2026-03-03T01:19:37.727Z,1,,"kalau udah gerimis dikit kenapa ga ada yang ngambil. pas dapet, malah ga ada yang bisa dihubungi drivernya",Maya Novitasari,,,,https://play.google.com/store/apps/details?id=com.grabtaxi.passenger&reviewId=b5ed52d2-e867-4289-8b71-296c2b06f04a,Negative,INDONESIAN,0.6582629850923639,MALAY,0.3197080566339001,5,"bisa, kalau, malah, udah, yang",True
4690,android,ph,en,6a7adc3f-eab7-4b74-88e8-7aa12f05f2a9,2026-03-03T00:01:13.959Z,1,,"Peta tidak akurat, pengemudi sering membatalkan order. Pesan kendaraan bisa sampai 30 menit. Pesan ukuran XL untuk 6 orang, begitu tahu yang akan menumpang 5 orang, langsung pengemudi membatalkan sepihak. Pesan kendaraan bayar, tapi penumpang diperlakukan kasar. Buruk, baik penyedia aplikasi sampai pengemudi kendaraannya juga sama, payah. Kalau tidak cocok bekerja sebagai pengemudi, jangan jadikan mobilmu taksi online. Your pride and head is even bigger than your needs",Bekasem Kepayang,5.399.0,"Mohon maaf ya atas ketidaknyamanan yang terjadi.
Apabila Kakak memiliki kendala saat menggunakan aplikasi Grab atau tidak nyaman dengan pelayanan kami, Kakak bisa memilih keluhan yang sesuai di link berikut ya https://grb.to/consumeridhelpcenter 🙏 Terima kasih",2025-11-30T15:31:46.650Z,https://play.google.com/store/apps/details?id=com.grabtaxi.passenger&reviewId=6a7adc3f-eab7-4b74-88e8-7aa12f05f2a9,Negative,INDONESIAN,0.9999361256194348,MALAY,0.9998722512388696,6,"aplikasi, bisa, kalau, tidak, untuk, yang",True
4692,android,ph,en,ebf35f56-bf2b-4cab-b1f7-79cd1ff98ff4,2026-03-02T23:22:54.334Z,1,,tolong train drivernya dengan baik dong. udah nunggu belasan menit ternyata minta di cancel karena katanya kejauhan (pdhl tinggal 5 menit lagi) sebel banget,Dominique Emanuela,,,,https://play.google.com/store/apps/details?id=com.grabtaxi.passenger&reviewId=ebf35f56-bf2b-4cab-b1f7-79cd1ff98ff4,Negative,INDONESIAN,0.9899477597336493,MALAY,0.9798955194676725,5,"banget, dengan, karena, tolong, udah",True
4693,android,ph,en,1203be96-4d9b-4125-89ae-349036bafc2f,2026-03-02T23:20:42.595Z,5,,Lebih BAGUS dari GOCAR .,Ribeldi Bimantara,5.399.0,,,https://play.google.com/store/apps/details?id=com.grabtaxi.passenger&reviewId=1203be96-4d9b-4125-89ae-349036bafc2f,Positive,INDONESIAN,0.7211229714484426,MALAY,0.511988754655316,0,,True
4699,android,ph,en,3df4ca7d-a32a-4597-a634-78db9c3c7b44,2026-03-02T16:13:16.352Z,1,,"sdh dua kali komplain, jk fitur perubahan pembayaran sebaiknya dihapus, krn tdk berguna,saat order sdh masuk ada fitur bs merubah pembayaran, ternyata setelah dipakai tetep tdk berubah.sebaiknya dihapus sj fotur tsb biar tau klo emang tdk bs merubah sumber pembayaran",Ashrul Sifa Subakti,5.399.0,,,https://play.google.com/store/apps/details?id=com.grabtaxi.passenger&reviewId=3df4ca7d-a32a-4597-a634-78db9c3c7b44,Negative,INDONESIAN,0.9537993415400812,MALAY,0.9075986830801622,1,krn,True
4718,android,ph,en,9ec1690c-07ea-4825-9469-efd6b7063795,2026-03-02T12:15:39.875Z,1,,saya pesan food lalu setelah saya tunggu 2 jam di cancel tanpa saya memberi ijin pihak grab saya telah pesenan sejak jam 4.00 lalu di cancel sekitar jam 18.50 ada apai ini dengan grab ya . saya hanya mendapatkan 9.000 untuk kompensasi terhadap itu. saya mencoba telpon grab tetapi tidak bisa 🌟 untuk grab kali ini. aplikasi sebelah lebih baik saya telah mengunakan grab selama 3 tahun dan mungkin tak akan gunakan lagi. Terima kasih pihak grab karena telah membuat saya kelaparan. cs ayo bantu,Conaka Youtube,5.399.0,,,https://play.google.com/store/apps/details?id=com.grabtaxi.passenger&reviewId=9ec1690c-07ea-4825-9469-efd6b7063795,Negative,INDONESIAN,0.9999999510819193,MALAY,0.9999999021638386,8,"aplikasi, bisa, dan, dengan, karena, saya, tidak, untuk",True
4756,android,ph,en,7c914f46-937a-4e5a-86ea-dfaa43a4bceb,2026-03-02T03:20:04.913Z,5,,"untuk bisa menjaga IMAGE Citra Nama baik, positive and best values ... sudah sepantas nya Grab Car/Motor... tegakan tingkat Discipline yg tegas tanpa kompromi sedikit pun... dari hal yg terkecil dahulu ... seperti ; 1. Bau²an ( badan, mulut, helm, jacket) 2. Attitude ( hospitality )",julius pinontoan,5.399.0,,,https://play.google.com/store/apps/details?id=com.grabtaxi.passenger&reviewId=7c914f46-937a-4e5a-86ea-dfaa43a4bceb,Positive,INDONESIAN,0.9999444917699705,MALAY,0.999888983539941,3,"bisa, sudah, untuk",True
4759,android,ph,en,f1f06f10-403b-4466-b052-a7254b070ad0,2026-03-02T01:57:57.761Z,1,,"Grab baru aja kehilangan pelanggan setia hari ini. Grabbike nunggu hampir 40 menit karena 3 driver cancel seenaknya. CS susah dikontak, 5x lebih saya telpon. Jadi telat parah ke kantor. Kapok saya pake Grab!",Slywitch,5.399.0,,,https://play.google.com/store/apps/details?id=com.grabtaxi.passenger&reviewId=f1f06f10-403b-4466-b052-a7254b070ad0,Negative,INDONESIAN,0.9999951630199979,MALAY,0.9999903260399963,5,"driver, jadi, karena, pake, saya",True
4761,android,ph,en,f8e4a1be-9462-47d7-907e-3324ca2f48da,2026-03-02T01:39:54.657Z,5,,Aplikasi Grab memang sangat memudahkan urusan harian saya. Tempahan e-hailing cepat dan pemandu biasanya sampai tepat pada masanya. Fungsi GrabFood dan GrabMart pun sangat membantu bila tak sempat keluar rumah. Pembayaran tanpa tunai juga menjadikan semuanya lebih mudah dan selamat. Memang aplikasi yang praktikal dan sangat berbaloi — 5 bintang!,Farah Syuhada,5.397.0,,,https://play.google.com/store/apps/details?id=com.grabtaxi.passenger&reviewId=f8e4a1be-9462-47d7-907e-3324ca2f48da,Positive,INDONESIAN,0.9999888302629728,MALAY,0.9999776605259456,4,"aplikasi, dan, saya, yang",True
4764,android,ph,en,45628a2a-1a0d-4e97-87e9-07570a3fb28c,2026-03-02T01:00:32.328Z,1,,Ngasih driver jauh mulu. langsung UNINSTALL!!!!,Laisa Naudia,,,,https://play.google.com/store/apps/details?id=com.grabtaxi.passenger&reviewId=45628a2a-1a0d-4e97-87e9-07570a3fb28c,Negative,INDONESIAN,0.6595872538247637,MALAY,0.36968952452614756,1,driver,True
4766,android,ph,en,b7c12496-8e42-4baa-94a9-eda24edd4e87,2026-03-02T00:19:31.119Z,2,,"Promo banyakannya oke, tapi kalo pesen grab bike dapet driver jauh amat. Cancel 2-3x baru dikasih yg deket. Buat apa gua vip coba.",rizal kaufen,5.399.0,,,https://play.google.com/store/apps/details?id=com.grabtaxi.passenger&reviewId=b7c12496-8e42-4baa-94a9-eda24edd4e87,Negative,INDONESIAN,0.7491278490687016,MALAY,0.5054113594021062,2,"driver, kalo",True
4773,android,ph,en,aad39f8e-0d5a-41bb-b141-08d8ddd011e5,2026-03-01T16:47:49.810Z,5,,"aplikasinya bagus, cuma tolong untuk fitur grab food. klo kita sudah pakai aplikasinya kita berharap drivernya harusnya dari mitra grab. biar gampang di lacak di map. itu saja saran saya.",urip eka haryanta,5.399.0,,,https://play.google.com/store/apps/details?id=com.grabtaxi.passenger&reviewId=aad39f8e-0d5a-41bb-b141-08d8ddd011e5,Positive,INDONESIAN,0.9999094596716736,MALAY,0.9998189193433471,5,"cuma, saya, sudah, tolong, untuk",True
4783,android,ph,en,ad0c77b0-a26a-4476-812a-165a165b475a,2026-03-01T13:45:50.656Z,1,,Dua kali order tapi takde driver. Atleast bagi tau la traffic tengah teruk ke apa. Buang masa je tunggu. Dahla beli makanan untuk berbuka puasa!!,Jann Saffry,5.399.0,,,https://play.google.com/store/apps/details?id=com.grabtaxi.passenger&reviewId=ad0c77b0-a26a-4476-812a-165a165b475a,Negative,INDONESIAN,0.706396913063349,MALAY,0.41615667995790107,2,"driver, untuk",True
4792,android,ph,en,d3ee7756-a4c8-46c8-bc19-1c5ae629e982,2026-03-01T11:58:07.679Z,1,,"Customer service nya full AI, tidak bisa kontak dengan real agent kaya dulu. Tidak reliable sama sekali",Jonathan Haputra,5.399.0,,,https://play.google.com/store/apps/details?id=com.grabtaxi.passenger&reviewId=d3ee7756-a4c8-46c8-bc19-1c5ae629e982,Negative,INDONESIAN,0.701434732888434,TAGALOG,0.5603874538797041,3,"bisa, dengan, tidak",True
4802,android,ph,en,1c392e92-e51c-4f4d-a44a-c9132278578c,2026-03-01T10:51:02.424Z,1,,"aplikasi kocak, waktu estimasinya sudah berubah jadi 20 menit lebih lama. tapi tetap ngga bisa dicancel",putra khiza,5.399.0,,,https://play.google.com/store/apps/details?id=com.grabtaxi.passenger&reviewId=1c392e92-e51c-4f4d-a44a-c9132278578c,Negative,INDONESIAN,0.8169080526470139,MALAY,0.634743117675954,4,"aplikasi, bisa, jadi, sudah",True
4808,android,ph,en,eec48062-3050-4b60-b7ba-6c96c29041bc,2026-03-01T09:27:58.349Z,1,,"NUNGGU LEBIH DARI SETENGAH JAM BUAT DAPET DRIVER MOBIL. SEMUA DRIVER CANCEL. BAYANGIN, 7/7 DRIVER SEMUA CANCEL. APA GUNANYA APLIKASI, KALAU PADA AKHIRNYA GA BERGUNA GAK BISA CARIIN DRIVER.",Dummy Dummy Account,,,,https://play.google.com/store/apps/details?id=com.grabtaxi.passenger&reviewId=eec48062-3050-4b60-b7ba-6c96c29041bc,Negative,INDONESIAN,0.9999952481688702,MALAY,0.9999904963377403,5,"aplikasi, bisa, driver, gak, kalau",True
4819,android,ph,en,8f201329-e7bc-4c1f-bbdb-dd44277031a3,2026-03-01T06:43:25.378Z,1,,"Salah pilih metode pembayaran, tidak bisa dicancel dan tidak bisa rubah metode pembayaran. Tidak ada solusi dan stuck disitu.",E Motion,5.396.0,,,https://play.google.com/store/apps/details?id=com.grabtaxi.passenger&reviewId=8f201329-e7bc-4c1f-bbdb-dd44277031a3,Negative,INDONESIAN,0.7930704104691438,MALAY,0.5884260528200195,4,"bisa, dan, pilih, tidak",True
4842,android,ph,en,b05903a4-9b72-48c9-81e7-e281942408b8,2026-03-01T00:55:30.820Z,1,,"Gila, order makanan susah banget, 2 jam dengan 2 resto yg berbeda, yang 1 akhirnya cancel. Tarif paling mahal di antara food online lainnya meskipun udah pakai unlimited, tapi service paling parah. Gw customer lo bertahun2 tapi dibikin kecewa. Parah service lo sekarang. Plus tambah, udah pilih opsi pengantaran standard, beberapa kali delay akhirnya sama saja dengan opsi hemat. Pke prioritas, byr lbh mahal, endingnya sama saja terlambat. Klo terlambat balikkin duit customer.",Lili Suryani,5.399.0,"Maaf ya atas ketidaknyamanan yang terjadi.
Kalau Kakak memiliki kendala saat menggunakan aplikasi Grab atau tidak nyaman dengan pelayanan kami silakan pilih keluhan yang sesuai di link berikut ya https://grb.to/consumeridhelpcenter . Terima kasih 🙏",2025-06-12T02:30:06.865Z,https://play.google.com/store/apps/details?id=com.grabtaxi.passenger&reviewId=b05903a4-9b72-48c9-81e7-e281942408b8,Negative,INDONESIAN,0.9999999997384785,MALAY,0.999999999476957,7,"banget, dengan, pilih, sekarang, tarif, udah, yang",True
4854,android,ph,en,736a4e9d-a4b0-486f-af51-9570c3717244,2026-02-28T17:26:44.628Z,1,,"grabfood, beli mkan goreng di pack panas2 di kotak styrofoam, styrofoam meleleh meresap dalam makanan. komplain lengkap dgn foto kotak dan makanan ke grab. kl gue komplain ke resto tuh resto pasti ganti makanan tu, tp kan gk bs komplain lgsg ke resto. komplain ke grab, dijawab ""hasil pengecekan ditemukan hal yang meragukan dalam akun..."" eh dia malah nge judge gue, kocak. gue bkn mnt duit gk seberapa itu balik, itu laporan buat resto spy dia perbaikan. perusahaan internasional cs ny kyk gitu",Conan IoT,,,,https://play.google.com/store/apps/details?id=com.grabtaxi.passenger&reviewId=736a4e9d-a4b0-486f-af51-9570c3717244,Negative,INDONESIAN,1.0,MALAY,0.9999999999999999,3,"dan, malah, yang",True
4877,android,ph,en,62967ef8-d845-4a38-9430-baea4063d302,2026-02-28T10:43:21.827Z,1,,buat apa ada opsi payment with QRIS kalo gak ada driver yang mau pickup? useless,Ahmad Rabbani,5.397.0,"Maaf ya atas ketidaknyamanan yang terjadi.
Kalau Kakak memiliki kendala saat menggunakan aplikasi GrabMerchant atau tidak nyaman dengan pelayanan kami silakan pilih keluhan yang sesuai di link berikut ya https://grb.to/merchantidhelpcenter 🙏 Terima kasih",2026-03-01T08:13:12.235Z,https://play.google.com/store/apps/details?id=com.grabtaxi.passenger&reviewId=62967ef8-d845-4a38-9430-baea4063d302,Negative,ENGLISH,0.5225290246481941,TAGALOG,0.3179526411985065,4,"driver, gak, kalo, yang",True
4926,android,ph,en,9781035c-92dd-40b8-b3b0-e2e16cfea12c,2026-02-27T22:58:20.780Z,1,,"iklan lu rese mana banyak lagi, kurang kurangin tuh iklan. mana kalau di pake, drivernya kasar-kasar. mahal lagi padahal cuman 10menit, ga lagi lagi dah. iklan numpuk, driver rese. mmk",iyn nuna,5.397.0,"Maaf ya atas ketidaknyamanan yang terjadi.
Kalau Kakak memiliki kendala saat menggunakan aplikasi GrabMerchant atau tidak nyaman dengan pelayanan kami silakan pilih keluhan yang sesuai di link berikut ya https://grb.to/merchantidhelpcenter 🙏 Terima kasih",2026-03-01T08:13:56.197Z,https://play.google.com/store/apps/details?id=com.grabtaxi.passenger&reviewId=9781035c-92dd-40b8-b3b0-e2e16cfea12c,Negative,INDONESIAN,0.6655424400794837,MALAY,0.3326929332304882,3,"driver, kalau, pake",True
4944,android,ph,en,70d89c0d-8d55-4a5a-9970-f1c28a2bdff7,2026-02-27T12:21:56.657Z,1,,"kalau aplikasinya yang rusak, jangan salahin jaringannya user! 2 jam lebih nunggu makanan. akhirnya dibatalin. tak kaish rating -5 kalau bisa.",Owen Lie,5.397.0,"Maaf ya atas ketidaknyamanan yang terjadi.
Kalau Kakak memiliki kendala saat menggunakan aplikasi GrabMerchant atau tidak nyaman dengan pelayanan kami silakan pilih keluhan yang sesuai di link berikut ya https://grb.to/merchantidhelpcenter 🙏 Terima kasih",2026-03-01T08:14:41.376Z,https://play.google.com/store/apps/details?id=com.grabtaxi.passenger&reviewId=70d89c0d-8d55-4a5a-9970-f1c28a2bdff7,Negative,INDONESIAN,0.8408175613317304,MALAY,0.6816920347266533,3,"bisa, kalau, yang",True
4948,android,ph,en,e7ec8497-e624-425a-8bde-12f4383b4e85,2026-02-27T11:08:38.710Z,1,,"service center nya buruk sekitar 20 hari sejak pengajuan baru selesai, diskonnya tidak pasti meskipun udh langganan sama aja, uninstall solusi utama pindah ke gojek daripada ini. edit: hebat komen seperti ini bisa buat akun ke suspend",Sahrizal Ramadhani Budiarto,,"Maaf ya atas ketidaknyamanan yang terjadi.
Kalau Kakak memiliki kendala saat menggunakan aplikasi GrabMerchant atau tidak nyaman dengan pelayanan kami silakan pilih keluhan yang sesuai di link berikut ya https://grb.to/merchantidhelpcenter 🙏 Terima kasih",2026-03-01T08:15:11.270Z,https://play.google.com/store/apps/details?id=com.grabtaxi.passenger&reviewId=e7ec8497-e624-425a-8bde-12f4383b4e85,Negative,INDONESIAN,0.9872072268999608,MALAY,0.9744144537999215,2,"bisa, tidak",True
4951,android,ph,en,77b8a537-b86e-4398-a3bf-64273f38fa29,2026-02-27T10:33:42.686Z,1,,"aku toppup grab 20 mana ,tertiba lesap 20 ringgit aku,kau curi ke apa ,jangan sampai aku viralkan kat tiktok wei",Shadow twin Blade,5.395.0,,,https://play.google.com/store/apps/details?id=com.grabtaxi.passenger&reviewId=77b8a537-b86e-4398-a3bf-64273f38fa29,Negative,MALAY,0.6561017756386833,INDONESIAN,0.33233787623114075,0,,True
4956,android,ph,en,7f5f3f67-3445-4edb-965d-a54d587c8c57,2026-02-27T09:37:57.302Z,4,,"Banyak promonya, cuma lokasi di map suka ga bener. Kasian drivernya. Walau udah aku chat kan driver ga selalu sempet ngecek, taunya lokasi sesuai titik.",Dwi,5.397.0,,,https://play.google.com/store/apps/details?id=com.grabtaxi.passenger&reviewId=7f5f3f67-3445-4edb-965d-a54d587c8c57,Positive,INDONESIAN,0.9800578400353502,MALAY,0.9601156800707009,4,"cuma, driver, sesuai, udah",True
4963,android,ph,en,714d7480-9c78-41d4-8fd7-3a302489b148,2026-02-27T06:46:02.200Z,5,,harga mirah and berbaloi,Vicu Vicu,5.397.0,,,https://play.google.com/store/apps/details?id=com.grabtaxi.passenger&reviewId=714d7480-9c78-41d4-8fd7-3a302489b148,Positive,MALAY,0.7325279392601327,INDONESIAN,0.5308866277614877,0,,True
4965,android,ph,en,69f55389-0d6c-45ed-8853-75b04953959a,2026-02-27T05:46:21.978Z,1,,"walau lagi hujan. pesenan ditelantarkan tanpa kejelasan. waktu estimasi terus bertambah. ga ada update atau informasi apapun. bahkan saat dikonfirmasi ke resto, resto tidak dpt pesanan apapun.",Yulius Chandra,5.397.0,,,https://play.google.com/store/apps/details?id=com.grabtaxi.passenger&reviewId=69f55389-0d6c-45ed-8853-75b04953959a,Negative,INDONESIAN,0.9999998738850459,MALAY,0.9999997477700917,2,"pesanan, tidak",True
4977,android,ph,en,0b3ed10f-fb74-44bc-8065-fa00563d3e6b,2026-02-27T02:15:43.451Z,1,,"Saya terkena charge 2x untuk pesanan yang sama, hingga sekarang uang tidak dikembalikan, Call Center tidak dapat dihubungi, Chatbot tidak memberikan informasi yang jelas",Andre,5.397.0,,,https://play.google.com/store/apps/details?id=com.grabtaxi.passenger&reviewId=0b3ed10f-fb74-44bc-8065-fa00563d3e6b,Negative,INDONESIAN,0.9961435427482523,MALAY,0.9922870854965046,7,"pesanan, saya, sekarang, tidak, uang, untuk, yang",True
4988,android,ph,en,53efe051-4b93-4f9d-ae86-42e4a6febbca,2026-02-27T00:27:23.620Z,4,,"Mapsnya kalau bisa di perbaikin, soalnya titik penjemputan ke alamat saya ga sesuai suka kasian sama drivernya jadi muter"" ..",Herda Siti Aisyah,5.397.0,,,https://play.google.com/store/apps/details?id=com.grabtaxi.passenger&reviewId=53efe051-4b93-4f9d-ae86-42e4a6febbca,Positive,INDONESIAN,0.795057339386614,MALAY,0.5901178908306197,5,"bisa, jadi, kalau, saya, sesuai",True
4989,android,ph,en,ae963cd8-1018-4072-afc3-3677f7401e3e,2026-02-26T23:09:26.468Z,3,,"tolong dong perbaiki sistem nyaa, niat mau cepet dapet nya jauh terus 😤",Aprilia Wandani,,,,https://play.google.com/store/apps/details?id=com.grabtaxi.passenger&reviewId=ae963cd8-1018-4072-afc3-3677f7401e3e,Neutral,INDONESIAN,0.677059910147922,MALAY,0.36535403343296935,1,tolong,True
4990,android,ph,en,a917dec3-fcb4-4905-8a57-ef73d1ab91b2,2026-02-26T22:28:29.788Z,1,,"saya pengguna grab lebih dari 5 tahun yang lalu, setelah pembaruan sistem saat ini tampilannya lebih ribet. Arah gerak usahanya sudah berbeda bukan grab yang saya kenal. saya akan meninggalkan aplikasi ini sampai kapanpun",Ahmad Fajar Yusuf Efendi,5.397.0,,,https://play.google.com/store/apps/details?id=com.grabtaxi.passenger&reviewId=a917dec3-fcb4-4905-8a57-ef73d1ab91b2,Negative,INDONESIAN,0.9998333743944253,MALAY,0.9996667487888505,4,"aplikasi, saya, sudah, yang",True
9117,ios,ph,,9401534831,Fri Dec 16 2022 09:32:07 GMT+0000 (Coordinated Universal Time),3,No more GrabCar?,Bakit pag nag book grabcar wala na nag aaceot?,Renoir2023,,,,,Neutral,MALAY,0.695935411065991,TAGALOG,0.518445349521492,0,,True
12307,ios,ph,,1737937403,Tue Aug 22 2017 02:01:06 GMT+0000 (Coordinated Universal Time),5,Very unprofessional drivers!,#ThisiswhywepreferUber,twistedstellar,,,,,Positive,INDONESIAN,0.768180166857912,ENGLISH,0.6415658598369816,0,,True
